front	pos	level	back	example
abandon	v	B2	bỏ rơi, từ bỏ	They abandoned the car in a field.
absolute	adj	B2	tuyệt đối, hoàn toàn	That's absolute nonsense.
acceptable	adj	B2	có thể chấp nhận được	The quality isn't acceptable.
accompany	v	B2	đi cùng, tháp tùng	Her mother accompanied her.
accurate	adj	B2	chính xác	Is the report accurate?
accuse	v	B2	buộc tội, cáo buộc	He accused me of lying.
acknowledge	v	B2	thừa nhận; ghi nhận	She acknowledged her mistake.
acquire	v	B2	thu được, tiếp thu	He acquired the skill quickly.
actual	adj	B2	thực tế, thực sự	What was the actual cost?
adapt	v	B2	thích nghi; chuyển thể	Children adapt quickly to change.
additional	adj	B2	bổ sung, thêm vào	There's an additional charge.
address	v	B2	giải quyết; phát biểu với	We must address this problem.
administration	n	B2	sự quản lý, hành chính	She handles the administration.
adopt	v	B2	nhận nuôi; áp dụng	They adopted a new policy.
advance	n,v,adj	B2	sự tiến bộ; tiến lên; trước	Book in advance for a discount.
affair	n	B2	việc, vụ việc; chuyện tình cảm	That's my own affair.
afterwards	adv	B2	sau đó	We had coffee afterwards.
agency	n	B2	cơ quan, hãng	She works for a travel agency.
agenda	n	B2	chương trình nghị sự	What's on the agenda today?
aggressive	adj	B2	hung hăng; quyết liệt	He became aggressive after drinking.
aid	n,v	B2	sự viện trợ; giúp đỡ	The country sent medical aid.
aircraft	n	B2	máy bay, phi cơ	Three aircraft landed safely.
alter	v	B2	thay đổi, sửa đổi	We had to alter our plans.
amount	v	B2	lên tới, tương đương	The bill amounted to 200 dollars.
anger	n	B2	sự tức giận	He couldn't hide his anger.
angle	n	B2	góc; góc nhìn	Measure the angle carefully.
anniversary	n	B2	ngày kỷ niệm	It's our tenth anniversary.
annual	adj	B2	hằng năm	The annual meeting is in May.
anxious	adj	B2	lo lắng; nóng lòng	She's anxious about the results.
apparent	adj	B2	rõ ràng; có vẻ như	It soon became apparent.
apparently	adv	B2	nghe nói, có vẻ như	Apparently he's moving abroad.
appeal	n,v	B2	lời kêu gọi; kháng cáo; hấp dẫn	The idea doesn't appeal to me.
appropriate	adj	B2	phù hợp, thích đáng	Wear appropriate clothing.
approval	n	B2	sự chấp thuận	The plan needs official approval.
approve	v	B2	chấp thuận, tán thành	My parents don't approve.
arise	v	B2	nảy sinh, phát sinh	Problems may arise later.
armed	adj	B2	có vũ trang	The man was armed.
arms	n	B2	vũ khí	The country exports arms.
artificial	adj	B2	nhân tạo, giả	These flowers are artificial.
artistic	adj	B2	có tính nghệ thuật	She comes from an artistic family.
ashamed	adj	B2	xấu hổ	I'm ashamed of my behaviour.
aspect	n	B2	khía cạnh	Consider every aspect of the plan.
assess	v	B2	đánh giá, thẩm định	We need to assess the damage.
assessment	n	B2	sự đánh giá	The assessment takes an hour.
associate	v	B2	liên tưởng, gắn với	I associate that smell with childhood.
associated	adj	B2	liên quan, đi kèm	There are risks associated with it.
association	n	B2	hiệp hội; sự liên kết	He joined the tennis association.
back	v	B2	ủng hộ; lùi lại	The bank backed the project.
bacteria	n	B2	vi khuẩn	Bacteria grow fast in warm food.
bar	v	B2	cấm, ngăn cản	He was barred from the club.
barrier	n	B2	rào chắn; rào cản	Language is the main barrier.
basically	adv	B2	về cơ bản	Basically, the plan won't work.
bear (deal with)	v	B2	chịu đựng	I can't bear the noise.
beat	n	B2	nhịp điệu, nhịp đập	The music has a strong beat.
beg	v	B2	van xin; ăn xin	He begged her to stay.
being	n	B2	sinh vật; sự tồn tại	Are there beings on other planets?
bent	adj	B2	bị cong, bị uốn	The nail was bent.
bet	v,n	B2	cá cược; vụ cá cược	I bet you can't do it.
beyond	prep,adv	B2	vượt quá, phía bên kia	The hills lie beyond the river.
bill	v	B2	gửi hoá đơn, tính tiền	They billed me twice.
bitter	adj	B2	đắng; cay đắng	The coffee tastes bitter.
blame	v,n	B2	đổ lỗi; sự trách móc	Don't blame me for this.
blind	adj	B2	mù; mù quáng	He's been blind since birth.
bond	n	B2	mối liên kết; trái phiếu	There's a strong bond between them.
breast	n	B2	ngực, vú	She held the baby to her breast.
broad	adj	B2	rộng; khái quát	He has broad shoulders.
broadcast	v,n	B2	phát sóng; chương trình phát	The match was broadcast live.
budget	n	B2	ngân sách	We're working to a tight budget.
bullet	n	B2	viên đạn	The bullet missed him.
bunch	n	B2	bó, chùm; nhóm	He gave her a bunch of flowers.
burn	n	B2	vết bỏng	She has a burn on her arm.
bush	n	B2	bụi cây	A bird flew out of the bush.
but	prep	B2	ngoại trừ	Everyone but Tom agreed.
cable	n	B2	dây cáp	The cable runs under the road.
calculate	v	B2	tính toán	Calculate the total cost.
cancel	v	B2	huỷ bỏ	They cancelled the flight.
cancer	n	B2	bệnh ung thư	He's being treated for cancer.
capable	adj	B2	có khả năng	She's capable of much more.
capacity	n	B2	sức chứa; năng lực	The hall has a capacity of 500.
capture	v,n	B2	bắt giữ; ghi lại	The photo captured the moment.
cast	n,v	B2	dàn diễn viên; ném, đúc	The cast took a bow.
catch	n	B2	mẻ (cá); điều bất lợi ẩn	There's a catch to this offer.
cell	n	B2	tế bào; phòng giam; pin	The body is made of cells.
chair	v	B2	chủ trì	She chaired the meeting.
chairman	n	B2	chủ tịch	The chairman opened the session.
characteristic	n,adj	B2	đặc điểm; đặc trưng	Patience is his main characteristic.
chart	v	B2	lập biểu đồ, theo dõi	They charted the ship's course.
chief	adj,n	B2	chính, chủ yếu; thủ lĩnh	That's our chief concern.
circumstance	n	B2	hoàn cảnh, tình huống	Under the circumstances, he did well.
cite	v	B2	trích dẫn, viện dẫn	She cited three studies.
citizen	n	B2	công dân	He became a citizen last year.
civil	adj	B2	dân sự; lịch thiệp	It was a civil war.
classic	adj,n	B2	kinh điển; tác phẩm kinh điển	It's a classic example.
closely	adv	B2	chặt chẽ, sát sao	Watch him closely.
collapse	v,n	B2	sụp đổ; sự sụp đổ	The roof collapsed in the storm.
combination	n	B2	sự kết hợp	It's a good combination of skills.
comfort	n,v	B2	sự thoải mái; an ủi	She tried to comfort him.
command	n,v	B2	mệnh lệnh; ra lệnh	He gave the command to fire.
commission	n,v	B2	hoa hồng; uỷ ban; đặt làm	She earns a good commission.
commitment	n	B2	sự cam kết; nghĩa vụ	It's a big commitment of time.
committee	n	B2	uỷ ban, ban	The committee meets monthly.
commonly	adv	B2	thường thấy, phổ biến	It's commonly known as flu.
complicated	adj	B2	phức tạp, rắc rối	The rules are too complicated.
component	n	B2	bộ phận, thành phần	Each component is tested.
concentration	n	B2	sự tập trung; nồng độ	The work requires concentration.
concept	n	B2	khái niệm	It's a difficult concept to grasp.
concerned	adj	B2	lo lắng; có liên quan	I'm concerned about her health.
conduct	v,n	B2	tiến hành; hành vi	They conducted a survey.
confidence	n	B2	sự tự tin; niềm tin	She lacks confidence.
conflict	n,v	B2	xung đột; mâu thuẫn	There's a conflict of interest.
confusing	adj	B2	gây bối rối	The instructions are confusing.
conscious	adj	B2	có ý thức, tỉnh táo	He was conscious throughout.
conservative	adj,n	B2	bảo thủ; người bảo thủ	He has conservative views.
consideration	n	B2	sự cân nhắc; sự quan tâm	Take the cost into consideration.
consistent	adj	B2	nhất quán, ổn định	Her work is consistent.
constant	adj	B2	liên tục, không đổi	There's a constant noise.
constantly	adv	B2	liên tục, thường xuyên	He's constantly complaining.
construct	v	B2	xây dựng, dựng nên	They constructed a new bridge.
construction	n	B2	việc xây dựng, công trình	The building is under construction.
contemporary	adj	B2	đương đại, cùng thời	She collects contemporary art.
contest	n,v	B2	cuộc thi; tranh giành	He entered a singing contest.
contract	n,v	B2	hợp đồng; co lại	Read the contract carefully.
contribute	v	B2	đóng góp	Everyone contributed something.
contribution	n	B2	sự đóng góp	Thank you for your contribution.
convert	v	B2	chuyển đổi	They converted the barn into a house.
convinced	adj	B2	tin chắc, bị thuyết phục	I'm convinced he's right.
core	n,adj	B2	cốt lõi; trung tâm	That's the core of the problem.
corporate	adj	B2	thuộc doanh nghiệp	She works in corporate law.
council	n	B2	hội đồng	The city council approved it.
county	n	B2	hạt, tỉnh	He lives in a rural county.
courage	n	B2	lòng dũng cảm	It took courage to speak up.
crash	n,v	B2	vụ va chạm; đâm, sập	The car crash killed two people.
creation	n	B2	sự tạo ra, tác phẩm	The creation of jobs is vital.
creature	n	B2	sinh vật	Strange creatures live down there.
credit	v	B2	ghi có; công nhận	The money was credited to my account.
crew	n	B2	phi hành đoàn, đội ngũ	The crew worked all night.
crisis	n	B2	cuộc khủng hoảng	The country faces an economic crisis.
criterion	n	B2	tiêu chí	Cost is the main criterion.
critic	n	B2	nhà phê bình	The critics loved the film.
critical	adj	B2	then chốt; chỉ trích	This is a critical moment.
criticism	n	B2	lời chỉ trích, phê bình	He can't take criticism.
criticize	v	B2	chỉ trích, phê bình	Don't criticize her work.
crop	n	B2	vụ mùa, cây trồng	The rice crop failed this year.
crucial	adj	B2	then chốt, quyết định	Timing is crucial here.
cry	n	B2	tiếng khóc, tiếng kêu	We heard a cry for help.
cure	v,n	B2	chữa khỏi; phương thuốc	There's no cure for this yet.
curve	n,v	B2	đường cong; uốn cong	The road curves to the left.
curved	adj	B2	cong	The knife has a curved blade.
date	v	B2	hẹn hò; ghi ngày	They've been dating for a year.
debate	n,v	B2	cuộc tranh luận; tranh luận	The debate lasted two hours.
debt	n	B2	khoản nợ	He's deep in debt.
decent	adj	B2	tử tế; đàng hoàng, tạm được	It's a decent salary.
declare	v	B2	tuyên bố; khai báo	They declared war in 1939.
decline	v,n	B2	suy giảm; từ chối	Sales declined last quarter.
decoration	n	B2	đồ trang trí	We put up the decorations.
decrease	v,n	B2	giảm; sự giảm sút	Costs have decreased slightly.
deeply	adv	B2	sâu sắc, hết sức	She was deeply upset.
defeat	v,n	B2	đánh bại; thất bại	They defeated us easily.
defence	n	B2	sự phòng thủ, biện hộ	The defence was very strong.
defend	v	B2	bảo vệ; biện hộ	He defended his decision.
delay	v,n	B2	trì hoãn; sự chậm trễ	The flight was delayed.
deliberate	adj	B2	cố ý; thận trọng	It was a deliberate mistake.
deliberately	adv	B2	một cách cố ý	She did it deliberately.
delight	v,n	B2	làm vui thích; niềm vui	The show delighted everyone.
delighted	adj	B2	vui mừng, hài lòng	We're delighted with the news.
delivery	n	B2	việc giao hàng	Delivery takes three days.
demand	n,v	B2	nhu cầu; đòi hỏi	There's high demand for houses.
demonstrate	v	B2	chứng minh; biểu tình	Let me demonstrate how it works.
depressed	adj	B2	chán nản, trầm cảm	He's been depressed for months.
depressing	adj	B2	gây chán nản	The news is depressing.
depth	n	B2	chiều sâu, độ sâu	What's the depth of the pool?
desert	v	B2	bỏ rơi, đào ngũ	He deserted his family.
deserve	v	B2	xứng đáng	She deserves a promotion.
desire	n,v	B2	khao khát; mong muốn	He has a strong desire to win.
desperate	adj	B2	tuyệt vọng; liều lĩnh	They were desperate for help.
detail	v	B2	trình bày chi tiết	The report details every step.
detailed	adj	B2	chi tiết, tỉ mỉ	She gave a detailed answer.
detect	v	B2	phát hiện, dò ra	The test detects the virus early.
dig	v	B2	đào, xới	They dug a hole for the tree.
disc	n	B2	đĩa	Insert the disc into the drive.
discipline	n	B2	kỷ luật; môn học	The school has strict discipline.
dishonest	adj	B2	không trung thực	That was a dishonest answer.
dismiss	v	B2	bác bỏ; sa thải	He dismissed the idea at once.
display	v,n	B2	trưng bày; màn hình, sự trưng bày	The goods are displayed in the window.
distribute	v	B2	phân phối, phân phát	They distributed food to the villagers.
distribution	n	B2	sự phân phối	The distribution of wealth is uneven.
district	n	B2	quận, huyện, khu vực	She lives in the business district.
division	n	B2	sự phân chia; bộ phận	There's a clear division of labour.
document	v	B2	ghi chép lại, lập hồ sơ	The film documents their journey.
domestic	adj	B2	trong nước; thuộc gia đình	These are domestic flights only.
dominate	v	B2	thống trị, chi phối	One team dominated the match.
downwards	adv	B2	xuống dưới	Prices are moving downwards.
dozen	n,det	B2	một tá, hàng chục	I bought a dozen eggs.
draft	n,v	B2	bản nháp; soạn thảo	This is only a first draft.
drag	v	B2	kéo lê	He dragged the box across the floor.
dramatic	adj	B2	kịch tính; đột ngột	There was a dramatic change.
edit	v	B2	biên tập, chỉnh sửa	She edits a monthly magazine.
edition	n	B2	ấn bản, phiên bản	This is the third edition.
efficient	adj	B2	hiệu quả, năng suất	The new system is more efficient.
elderly	adj	B2	cao tuổi	An elderly man lives next door.
elect	v	B2	bầu chọn	She was elected president.
elsewhere	adv	B2	ở nơi khác	You'll have to look elsewhere.
emerge	v	B2	nổi lên, xuất hiện	New evidence has emerged.
emotional	adj	B2	xúc động; thuộc cảm xúc	It was an emotional farewell.
emphasis	n	B2	sự nhấn mạnh	The emphasis is on quality.
emphasize	v	B2	nhấn mạnh	He emphasized the risks.
enable	v	B2	cho phép, tạo điều kiện	The grant enabled her to study.
encounter	v,n	B2	gặp phải; cuộc chạm trán	We encountered several problems.
engage	v	B2	thu hút; tham gia; thuê	The book engages the reader.
enhance	v	B2	nâng cao, cải thiện	Lighting enhances the photo.
enquiry	n	B2	sự hỏi han, cuộc điều tra	We received several enquiries.
enthusiasm	n	B2	sự nhiệt tình	She talked with great enthusiasm.
enthusiastic	adj	B2	nhiệt tình, hăng hái	They were enthusiastic about the plan.
entire	adj	B2	toàn bộ, trọn vẹn	He ate the entire cake.
entirely	adv	B2	hoàn toàn	That's entirely my fault.
establish	v	B2	thành lập; xác lập	The firm was established in 1950.
estate	n	B2	khu bất động sản; điền trang	They live on a housing estate.
estimate	v,n	B2	ước tính; bản ước tính	We estimate the cost at 5000.
ethical	adj	B2	thuộc đạo đức	It raises ethical questions.
evaluate	v	B2	đánh giá	We evaluate each application.
even	adj	B2	bằng phẳng; chẵn; ngang bằng	The scores are even.
evil	adj,n	B2	độc ác; cái ác	It was an evil act.
examination	n	B2	kỳ thi; sự khám xét	The examination lasts three hours.
excuse	n,v	B2	lý do, cái cớ; tha thứ	That's a poor excuse.
executive	n,adj	B2	giám đốc điều hành; điều hành	She's a senior executive.
existence	n	B2	sự tồn tại	The company came into existence in 1980.
expectation	n	B2	sự kỳ vọng	The result exceeded our expectations.
expense	n	B2	chi phí, khoản chi	It's not worth the expense.
exploration	n	B2	sự thăm dò, khám phá	Space exploration is costly.
expose	v	B2	phơi bày; để lộ	The report exposed the truth.
extend	v	B2	kéo dài, mở rộng	They extended the deadline.
extent	n	B2	mức độ, phạm vi	To what extent do you agree?
external	adj	B2	bên ngoài	Use an external hard drive.
extraordinary	adj	B2	phi thường, khác thường	She has an extraordinary voice.
extreme	n	B2	thái cực	He goes from one extreme to the other.
facility	n	B2	cơ sở vật chất, tiện nghi	The hotel has good facilities.
failure	n	B2	sự thất bại; sự hỏng hóc	The project was a total failure.
faith	n	B2	niềm tin; đức tin	I have faith in you.
fault	n	B2	lỗi; khuyết điểm	It's not my fault.
feather	n	B2	chiếc lông vũ	The bird lost a feather.
fee	n	B2	lệ phí, phí	The entrance fee is five dollars.
feed	n	B2	thức ăn (gia súc); nguồn cấp	Check your news feed.
feedback	n	B2	phản hồi, góp ý	Thanks for your feedback.
feel	n	B2	cảm giác khi chạm	The fabric has a soft feel.
fellow	adj	B2	đồng nghiệp, cùng cảnh	He asked a fellow student.
figure	v	B2	cho rằng, đoán	I figure she's about thirty.
finance	n,v	B2	tài chính; tài trợ	Who will finance the project?
finding	n	B2	kết quả tìm được, phát hiện	The findings surprised everyone.
firm	n	B2	hãng, công ty	She joined a law firm.
fix	n	B2	giải pháp tạm; tình thế khó	It's only a temporary fix.
flame	n	B2	ngọn lửa	The house was in flames.
flash	n,v	B2	tia chớp; loé sáng	A flash of lightning lit the sky.
flexible	adj	B2	linh hoạt; dẻo	My working hours are flexible.
float	v	B2	nổi, trôi	Wood floats on water.
folding	adj	B2	có thể gấp lại	We took two folding chairs.
forgive	v	B2	tha thứ	Please forgive me.
former	adj	B2	trước đây, cựu	She's a former champion.
fortune	n	B2	gia tài; vận may	He made a fortune in property.
forward	adj	B2	hướng tới trước; sốt sắng	We need forward planning.
found	v	B2	thành lập, sáng lập	The school was founded in 1890.
free	v	B2	giải thoát, thả	They freed the prisoners.
freedom	n	B2	sự tự do	Freedom of speech matters.
frequency	n	B2	tần suất; tần số	The frequency of storms has risen.
fully	adv	B2	hoàn toàn, đầy đủ	I fully understand.
fund	n,v	B2	quỹ; tài trợ	The project is funded by the state.
fundamental	adj	B2	cơ bản, nền tảng	There's a fundamental difference.
funding	n	B2	nguồn tài trợ	The school lost its funding.
furthermore	adv	B2	hơn nữa	Furthermore, the cost is too high.
gang	n	B2	băng nhóm	A gang stole the car.
generate	v	B2	tạo ra, sinh ra	The plant generates electricity.
genre	n	B2	thể loại	Which genre do you prefer?
govern	v	B2	cai trị, điều hành	The party governed for ten years.
grab	v	B2	chộp lấy, giật	He grabbed my arm.
gradually	adv	B2	dần dần	The pain gradually went away.
grand	adj	B2	to lớn, hoành tráng	They live in a grand old house.
grant	v,n	B2	cấp, ban cho; khoản tài trợ	She got a research grant.
guarantee	v,n	B2	bảo đảm; sự bảo hành	I can't guarantee it will work.
harm	n,v	B2	sự tổn hại; làm hại	It won't do you any harm.
harmful	adj	B2	có hại	Smoking is harmful to health.
hearing	n	B2	thính giác; phiên điều trần	His hearing is getting worse.
heaven	n	B2	thiên đường	They believe in heaven.
heel	n	B2	gót chân; gót giày	My heel is sore.
hell	n	B2	địa ngục	The journey was hell.
hesitate	v	B2	do dự, ngần ngại	Don't hesitate to ask.
high	n	B2	mức cao, đỉnh điểm	Prices reached a new high.
hold	n	B2	sự nắm giữ; ảnh hưởng	Keep a firm hold on the rail.
hollow	adj	B2	rỗng, trống rỗng	The tree is hollow inside.
holy	adj	B2	linh thiêng, thánh	It's a holy place.
honour	n,v	B2	danh dự; tôn vinh	It's an honour to meet you.
house	v	B2	chứa, cung cấp chỗ ở	The building houses 200 students.
household	n	B2	hộ gia đình	Most households own a car.
housing	n	B2	nhà ở	Housing is very expensive here.
humorous	adj	B2	hài hước	She wrote a humorous piece.
humour	n	B2	sự hài hước, khiếu hài hước	He has a good sense of humour.
hunting	n	B2	việc săn bắn	Hunting is banned in the park.
hurt	n	B2	nỗi đau, sự tổn thương	There was hurt in her voice.
ideal	n	B2	lý tưởng, hình mẫu	He never gave up his ideals.
illustrate	v	B2	minh hoạ	The chart illustrates the trend.
illustration	n	B2	hình minh hoạ; ví dụ	The book has colour illustrations.
imagination	n	B2	trí tưởng tượng	She has a vivid imagination.
impatient	adj	B2	thiếu kiên nhẫn, nôn nóng	Don't be so impatient.
imply	v	B2	ngụ ý, hàm ý	Are you implying I lied?
impose	v	B2	áp đặt, ban hành	They imposed a new tax.
impress	v	B2	gây ấn tượng	Her speech impressed everyone.
impressed	adj	B2	có ấn tượng tốt	I was impressed by his work.
inch	n	B2	inch (2,54 cm)	The board is twelve inches wide.
incident	n	B2	sự việc, vụ việc	The incident was reported to police.
income	n	B2	thu nhập	Their income has doubled.
increasingly	adv	B2	ngày càng	It's increasingly difficult.
industrial	adj	B2	thuộc công nghiệp	It's an industrial city.
infection	n	B2	sự nhiễm trùng	She has a chest infection.
inform	v	B2	thông báo, cho biết	Please inform us of any change.
initial	adj	B2	ban đầu	My initial reaction was shock.
initially	adv	B2	ban đầu, lúc đầu	Initially, I said no.
initiative	n	B2	sáng kiến; sự chủ động	She showed real initiative.
inner	adj	B2	bên trong, nội tâm	He kept his inner feelings hidden.
insight	n	B2	sự thấu hiểu, cái nhìn sâu sắc	The book gives real insight.
inspire	v	B2	truyền cảm hứng	Her story inspired me.
install	v	B2	lắp đặt, cài đặt	We installed new software.
instance	n	B2	trường hợp, ví dụ	For instance, take this case.
institute	n	B2	viện, học viện	He works at a research institute.
institution	n	B2	tổ chức, thiết chế	Marriage is an old institution.
insurance	n	B2	bảo hiểm	Do you have travel insurance?
intended	adj	B2	dự định, nhắm tới	The book is intended for beginners.
intense	adj	B2	dữ dội, mãnh liệt	The heat was intense.
internal	adj	B2	nội bộ, bên trong	It's an internal matter.
interpret	v	B2	diễn giải; phiên dịch	How do you interpret this line?
interrupt	v	B2	ngắt lời, làm gián đoạn	Sorry to interrupt you.
investigation	n	B2	cuộc điều tra	The investigation is ongoing.
investment	n	B2	khoản đầu tư	It's a safe investment.
joy	n	B2	niềm vui sướng	Her face was full of joy.
judgement	n	B2	sự phán đoán; phán quyết	I trust her judgement.
junior	adj	B2	cấp dưới, nhỏ tuổi hơn	He's a junior member of staff.
justice	n	B2	công lý, sự công bằng	They fought for justice.
justify	v	B2	biện minh, chứng minh là đúng	How can you justify the cost?
labour	n	B2	lao động; nhân công	The cost of labour has risen.
landscape	n	B2	phong cảnh	The landscape is stunning.
largely	adv	B2	phần lớn, chủ yếu	The work is largely finished.
launch	v,n	B2	khởi động, ra mắt; sự ra mắt	They launched the product in May.
leadership	n	B2	sự lãnh đạo	The team needs strong leadership.
league	n	B2	giải đấu; liên minh	Our team is top of the league.
lean	v	B2	nghiêng; tựa vào	Don't lean on the door.
leave	n	B2	kỳ nghỉ phép	She's on maternity leave.
licence	n	B2	giấy phép	You need a driving licence.
limited	adj	B2	có hạn, hạn chế	Places are limited.
line	v	B2	xếp thành hàng; lót	Trees line the road.
lively	adj	B2	sôi nổi, sinh động	It was a lively discussion.
load	n,v	B2	tải trọng; chất hàng	They loaded the van quickly.
loan	n	B2	khoản vay	He took out a bank loan.
logical	adj	B2	hợp lý, logic	That's the logical conclusion.
long-term	adj,adv	B2	dài hạn	We need a long-term solution.
loose	adj	B2	lỏng, rộng; xổng ra	This screw is loose.
lord	n	B2	lãnh chúa, ngài	The lord owned all the land.
low	n	B2	mức thấp	Prices hit a new low.
lower	v	B2	hạ xuống, giảm	Please lower your voice.
lung	n	B2	lá phổi	Smoking damages the lungs.
maintain	v	B2	duy trì; bảo trì; khẳng định	He maintains he is innocent.
majority	n	B2	đa số	The majority voted yes.
make	n	B2	nhãn hiệu, hãng sản xuất	What make is your car?
map	v	B2	lập bản đồ, vạch ra	They mapped the whole area.
mass	n,adj	B2	khối lượng; đại chúng	A mass of people filled the square.
massive	adj	B2	đồ sộ, khổng lồ	It was a massive explosion.
master	n,v	B2	bậc thầy; làm chủ	She mastered the language in a year.
matching	adj	B2	đồng bộ, hợp với nhau	They wore matching shirts.
material	adj	B2	vật chất; trọng yếu	Material things don't matter to him.
maximum	adj,n	B2	tối đa; mức tối đa	The maximum speed is 60.
means	n	B2	phương tiện, cách thức	There's no means of escape.
measurement	n	B2	số đo, phép đo	Take the measurements first.
melt	v	B2	tan chảy	The snow melted quickly.
military	adj,n	B2	thuộc quân sự; quân đội	He had a military career.
mineral	n	B2	khoáng chất	The water is rich in minerals.
minimum	adj,n	B2	tối thiểu; mức tối thiểu	The minimum age is eighteen.
minister	n	B2	bộ trưởng; mục sư	The minister answered questions.
minor	adj	B2	nhỏ, thứ yếu	It's only a minor problem.
minority	n	B2	thiểu số	Only a minority disagreed.
mission	n	B2	nhiệm vụ, sứ mệnh	The mission was a success.
mistake	v	B2	nhầm lẫn, nhận nhầm	I mistook him for his brother.
mixed	adj	B2	pha trộn, lẫn lộn	I have mixed feelings about it.
model	v	B2	làm mẫu; mô hình hoá	She models for a magazine.
modify	v	B2	sửa đổi, điều chỉnh	We modified the design slightly.
monitor	n,v	B2	màn hình; theo dõi	Doctors monitor her heart rate.
moral	adj,n	B2	thuộc đạo đức; bài học	It raises a moral question.
motor	n,adj	B2	động cơ; chạy bằng động cơ	The motor burnt out.
mount	v	B2	leo lên; gia tăng; lắp đặt	Pressure is mounting on him.
multiple	adj	B2	nhiều, đa dạng	He has multiple injuries.
multiply	v	B2	nhân lên; sinh sôi	Multiply six by four.
mysterious	adj	B2	bí ẩn	A mysterious light appeared.
narrow	v	B2	thu hẹp	The road narrows ahead.
national	n	B2	công dân một nước	He's a French national.
neat	adj	B2	gọn gàng, ngăn nắp	Her handwriting is very neat.
negative	n	B2	điều tiêu cực; phim âm bản	Look at the negatives too.
nerve	n	B2	dây thần kinh; sự can đảm	I didn't have the nerve to ask.
nevertheless	adv	B2	tuy nhiên, dù vậy	It's expensive; nevertheless, I'll buy it.
nightmare	n	B2	cơn ác mộng	The journey was a nightmare.
notion	n	B2	khái niệm, ý niệm	I have no notion of what he means.
numerous	adj	B2	nhiều, vô số	She has numerous friends.
obey	v	B2	tuân theo, vâng lời	You must obey the rules.
object	v	B2	phản đối	Nobody objected to the plan.
objective	n,adj	B2	mục tiêu; khách quan	Our main objective is growth.
obligation	n	B2	nghĩa vụ	You're under no obligation to buy.
observation	n	B2	sự quan sát; nhận xét	That's an interesting observation.
observe	v	B2	quan sát; nhận thấy	Scientists observed the reaction.
obtain	v	B2	có được, thu được	Where did you obtain this?
occasionally	adv	B2	thỉnh thoảng	I occasionally work weekends.
offence	n	B2	hành vi phạm tội; sự xúc phạm	It's a serious offence.
offend	v	B2	xúc phạm, làm phật lòng	I didn't mean to offend you.
offensive	adj	B2	xúc phạm, khó chịu	The joke was offensive.
opening	n	B2	khe hở; buổi khai mạc; vị trí trống	There's an opening in our team.
operate	v	B2	vận hành; phẫu thuật	Do you know how to operate this?
opponent	n	B2	đối thủ	He beat his opponent easily.
oppose	v	B2	phản đối, chống lại	Many people oppose the plan.
opposed	adj	B2	phản đối, đối lập	I'm opposed to the idea.
opposition	n	B2	sự phản đối; phe đối lập	There was strong opposition.
organ	n	B2	nội tạng; đàn organ	The heart is a vital organ.
origin	n	B2	nguồn gốc	The word is of Latin origin.
otherwise	adv	B2	nếu không thì; ngoài ra	Hurry, otherwise we'll be late.
outcome	n	B2	kết quả	Nobody knows the outcome yet.
outer	adj	B2	bên ngoài, phía ngoài	Remove the outer layer.
outline	n,v	B2	dàn ý, phác thảo; phác hoạ	He outlined his plan briefly.
overall	adj,adv	B2	tổng thể; nhìn chung	Overall, it was a good year.
owe	v	B2	nợ, mắc nợ	I owe you ten dollars.
pace	n,v	B2	nhịp độ, tốc độ	He works at a steady pace.
panel	n	B2	bảng, tấm; hội đồng	A panel of experts decided.
parliament	n	B2	quốc hội	Parliament passed the law.
participant	n	B2	người tham gia	All participants get a certificate.
partly	adv	B2	một phần	It's partly my fault.
passage	n	B2	đoạn văn; lối đi	Read the passage aloud.
patient	adj	B2	kiên nhẫn	Please be patient with her.
pension	n	B2	lương hưu	He lives on a small pension.
permanent	adj	B2	lâu dài, vĩnh viễn	She got a permanent contract.
permit	v,n	B2	cho phép; giấy phép	Smoking is not permitted.
perspective	n	B2	góc nhìn, quan điểm	It gave me a new perspective.
phase	n	B2	giai đoạn	We're in the final phase.
phenomenon	n	B2	hiện tượng	It's a natural phenomenon.
philosophy	n	B2	triết học; triết lý	She studied philosophy.
pick	n	B2	sự lựa chọn	Take your pick.
picture	v	B2	hình dung, mường tượng	I can't picture him as a teacher.
pile	n,v	B2	đống; chất đống	There's a pile of books on the desk.
pitch	n	B2	sân bóng; cao độ	The pitch was too wet to play.
plain	adj	B2	đơn giản, trơn; rõ ràng	She wore a plain dress.
pointed	adj	B2	nhọn; sắc sảo, ám chỉ	He made a pointed remark.
popularity	n	B2	sự nổi tiếng, được ưa chuộng	The show's popularity grew.
pose	v	B2	đặt ra; tạo dáng	It poses a serious risk.
position	v	B2	đặt vào vị trí	Position the camera here.
positive	n	B2	điểm tích cực	Let's focus on the positives.
possess	v	B2	sở hữu, có	He possesses great talent.
potential	adj,n	B2	tiềm năng; tiềm lực	She has great potential.
power	v	B2	cung cấp năng lượng cho	The engine is powered by gas.
praise	n,v	B2	lời khen; ca ngợi	Her work deserves praise.
pregnant	adj	B2	mang thai	She's six months pregnant.
preparation	n	B2	sự chuẩn bị	The preparation took weeks.
presence	n	B2	sự hiện diện	Your presence is required.
preserve	v	B2	bảo tồn, giữ gìn	We must preserve the forest.
price	v	B2	định giá	The book is priced at 20 dollars.
prime	adj	B2	chủ yếu; hàng đầu	That's a prime example.
principle	n	B2	nguyên tắc, nguyên lý	It's a matter of principle.
print	n	B2	bản in; dấu vân	The print is too small to read.
priority	n	B2	ưu tiên	Safety is our top priority.
privacy	n	B2	sự riêng tư	Everyone has a right to privacy.
procedure	n	B2	thủ tục, quy trình	Follow the correct procedure.
process	v	B2	xử lý, chế biến	The data is processed overnight.
produce	n	B2	nông sản	We buy local produce.
professional	n	B2	người chuyên nghiệp	Leave it to the professionals.
progress	v	B2	tiến triển, tiến bộ	The work is progressing well.
project	v	B2	dự đoán; chiếu lên	Sales are projected to rise.
proof	n	B2	bằng chứng	Do you have any proof?
proposal	n	B2	đề xuất; lời cầu hôn	They rejected our proposal.
propose	v	B2	đề xuất; cầu hôn	I propose we wait a week.
prospect	n	B2	triển vọng, viễn cảnh	The job prospects are good.
protection	n	B2	sự bảo vệ	Wear a hat for protection.
psychologist	n	B2	nhà tâm lý học	She sees a psychologist weekly.
psychology	n	B2	tâm lý học	He's studying psychology.
publication	n	B2	ấn phẩm; việc xuất bản	The publication date is May.
pupil	n	B2	học sinh; con ngươi	The school has 400 pupils.
purchase	n,v	B2	việc mua; mua	Keep your receipt of purchase.
pure	adj	B2	nguyên chất, tinh khiết	It's pure orange juice.
pursue	v	B2	theo đuổi	She pursued a career in law.
rank	n,v	B2	cấp bậc; xếp hạng	He rose to the rank of captain.
rapid	adj	B2	nhanh chóng	There's been rapid growth.
rapidly	adv	B2	một cách nhanh chóng	The city is growing rapidly.
rate	v	B2	đánh giá, xếp hạng	How would you rate the service?
raw	adj	B2	sống, thô, chưa qua chế biến	Don't eat raw eggs.
reach	n	B2	tầm với	Keep it out of reach of children.
realistic	adj	B2	thực tế, khả thi	Be realistic about the deadline.
reasonable	adj	B2	hợp lý, phải chăng	The price seems reasonable.
recall	v	B2	nhớ lại; thu hồi	I can't recall his name.
recover	v	B2	hồi phục; lấy lại	She's recovering from the flu.
reduction	n	B2	sự giảm bớt	There's been a reduction in staff.
regard	v,n	B2	coi như; sự tôn trọng	I regard him as a friend.
regional	adj	B2	thuộc vùng, khu vực	It's a regional dialect.
register	v,n	B2	đăng ký; sổ đăng ký	You must register in advance.
regret	v,n	B2	hối tiếc; sự nuối tiếc	I regret saying that.
regulation	n	B2	quy định, quy chế	Safety regulations are strict.
relatively	adv	B2	tương đối	It's relatively cheap.
relevant	adj	B2	liên quan, thích hợp	Is that relevant to the case?
relief	n	B2	sự nhẹ nhõm; cứu trợ	It was a huge relief.
rely	v	B2	dựa vào, tin cậy	You can rely on me.
remark	n,v	B2	lời nhận xét; nhận xét	He made an odd remark.
representative	n,adj	B2	người đại diện; tiêu biểu	A representative will call you.
reputation	n	B2	danh tiếng	The firm has a good reputation.
requirement	n	B2	yêu cầu, điều kiện	What are the entry requirements?
rescue	v,n	B2	giải cứu; cuộc giải cứu	They rescued the cat from the tree.
reserve	n,v	B2	khu bảo tồn, dự trữ; đặt trước	I'd like to reserve a table.
resident	n,adj	B2	cư dân; thường trú	Local residents complained.
resist	v	B2	kháng cự, cưỡng lại	I couldn't resist the cake.
resolve	v	B2	giải quyết; quyết tâm	We resolved the dispute quickly.
resort	n	B2	khu nghỉ dưỡng; biện pháp cuối	It's a popular ski resort.
retain	v	B2	giữ lại, duy trì	The soil retains water well.
revolution	n	B2	cuộc cách mạng	The revolution changed everything.
reward	n,v	B2	phần thưởng; thưởng	There's a reward for information.
rhythm	n	B2	nhịp điệu	The song has a catchy rhythm.
rid	v	B2	loại bỏ, tống khứ	We got rid of the old sofa.
root	n	B2	rễ cây; nguồn gốc	The tree has deep roots.
round	n	B2	hiệp, vòng đấu; lượt	He won the first round.
routine	adj	B2	thường lệ, thông thường	It was a routine check.
rub	v	B2	xoa, chà xát	She rubbed her eyes.
rubber	n,adj	B2	cao su; bằng cao su	The soles are made of rubber.
rural	adj	B2	thuộc nông thôn	They moved to a rural area.
rush	v,n	B2	vội vã; sự vội vàng	Don't rush, we have time.
satellite	n	B2	vệ tinh	The signal comes by satellite.
satisfied	adj	B2	hài lòng	Are you satisfied with the work?
satisfy	v	B2	làm hài lòng; đáp ứng	The answer didn't satisfy her.
saving	n	B2	khoản tiết kiệm	He spent all his savings.
scale	n	B2	quy mô; thang đo; cái cân	The disaster was on a huge scale.
schedule	v	B2	lên lịch	The meeting is scheduled for ten.
scheme	n	B2	kế hoạch, chương trình	It's a new pension scheme.
scream	v,n	B2	hét lên; tiếng thét	She screamed in terror.
screen	v	B2	sàng lọc; che chắn; chiếu	All bags are screened.
seat	v	B2	có chỗ ngồi cho	The hall seats 300 people.
sector	n	B2	khu vực, lĩnh vực	She works in the public sector.
secure	v,adj	B2	đảm bảo; an toàn	The building is very secure.
seek	v	B2	tìm kiếm	You should seek legal advice.
select	v	B2	chọn lựa	Select an option from the menu.
selection	n	B2	sự lựa chọn; tuyển tập	There's a wide selection of cheeses.
self	n	B2	bản thân, cái tôi	She's back to her old self.
senior	adj	B2	cấp cao, lớn tuổi hơn	He's a senior manager.
sense	v	B2	cảm nhận, nhận ra	I sensed that something was wrong.
sensitive	adj	B2	nhạy cảm; dễ tổn thương	It's a sensitive subject.
sentence	v	B2	kết án, tuyên án	He was sentenced to five years.
sequence	n	B2	chuỗi, trình tự	Put the events in sequence.
session	n	B2	buổi, phiên	The training session lasts an hour.
settle	v	B2	định cư; giải quyet; lắng xuống	They settled in Canada.
severe	adj	B2	nghiêm trọng; khắc nghiệt	He has severe back pain.
shade	n	B2	bóng râm; sắc độ	Let's sit in the shade.
shadow	n	B2	cái bóng	His shadow fell across the wall.
shallow	adj	B2	nông, cạn	The water is shallow here.
shame	n	B2	sự xấu hổ; điều đáng tiếc	What a shame you can't come.
shape	v	B2	định hình, tạo hình	Events shaped his character.
shelter	n,v	B2	nơi trú ẩn; che chở	We took shelter under a tree.
ship	v	B2	vận chuyển, gửi hàng	We ship worldwide.
shock	n,v	B2	cú sốc; làm sốc	The news came as a shock.
shocked	adj	B2	bị sốc, bàng hoàng	I was shocked by the price.
shooting	n	B2	vụ nổ súng; việc quay phim	The shooting took place at night.
shot	n	B2	phát súng; cú sút; bức ảnh	That was a great shot.
significant	adj	B2	đáng kể, quan trọng	There's a significant difference.
significantly	adv	B2	một cách đáng kể	Sales rose significantly.
silence	n	B2	sự im lặng	There was a long silence.
silk	n	B2	lụa	The scarf is pure silk.
sincere	adj	B2	chân thành	Please accept my sincere thanks.
slave	n	B2	nô lệ	The slaves were finally freed.
slide	v,n	B2	trượt; cầu trượt; trang chiếu	The car slid on the ice.
slight	adj	B2	nhẹ, nhỏ	There's a slight problem.
slip	v	B2	trượt chân; luồn nhanh	I slipped on the wet floor.
slope	n,v	B2	dốc; nghiêng dốc	The roof slopes steeply.
solar	adj	B2	thuộc mặt trời	They installed solar panels.
somewhat	adv	B2	hơi, phần nào	I'm somewhat surprised.
soul	n	B2	linh hồn; tâm hồn	There wasn't a soul in sight.
specialist	n,adj	B2	chuyên gia; chuyên khoa	You need to see a specialist.
species	n	B2	loài	The species is nearly extinct.
speed	v	B2	chạy nhanh, phóng nhanh	The car sped past us.
spiritual	adj	B2	thuộc tinh thần, tâm linh	It was a spiritual experience.
split	v,n	B2	chia tách; vết nứt	We split the bill.
sponsor	v,n	B2	tài trợ; nhà tài trợ	A local firm sponsors the team.
stable	adj	B2	ổn định, vững chắc	His condition is stable.
stage	v	B2	dàn dựng, tổ chức	They staged a protest.
stand	n	B2	khán đài; quầy hàng; lập trường	He took a firm stand.
stare	v	B2	nhìn chằm chằm	Don't stare at people.
status	n	B2	địa vị; tình trạng	What's the status of the order?
steady	adj	B2	đều đặn, vững vàng	There's been steady progress.
steel	n	B2	thép	The frame is made of steel.
steep	adj	B2	dốc đứng; tăng mạnh	It's a steep climb.
step	v	B2	bước đi	She stepped off the train.
sticky	adj	B2	dính, nhớp nháp	My hands are sticky.
stiff	adj	B2	cứng, đờ	My neck feels stiff.
stock	n	B2	hàng tồn kho; cổ phiếu	That item is out of stock.
stream	n	B2	dòng suối; luồng	A stream runs through the field.
stretch	v,n	B2	kéo giãn; đoạn, quãng	Stretch before you run.
strict	adj	B2	nghiêm khắc, nghiêm ngặt	Her parents are very strict.
strike	v,n	B2	đình công; đánh, va	The workers went on strike.
structure	v	B2	cấu trúc hoá, sắp xếp	The essay is well structured.
struggle	v,n	B2	vật lộn; cuộc đấu tranh	She struggled to find work.
subject	adj	B2	phải chịu, lệ thuộc	Prices are subject to change.
submit	v	B2	nộp, đệ trình	Submit your form by Friday.
sum	n,v	B2	tổng số; tóm lại	It's a large sum of money.
surgery	n	B2	ca phẫu thuật; phòng khám	She needs heart surgery.
surround	v	B2	bao quanh, vây quanh	Trees surround the house.
surrounding	adj	B2	xung quanh, lân cận	The surrounding area is quiet.
survey	v	B2	khảo sát, điều tra	We surveyed 500 customers.
suspect	v,n	B2	nghi ngờ; nghi phạm	Police suspect he was involved.
swear	v	B2	thề; chửi thề	He swore to tell the truth.
sweep	v	B2	quét; càn quét	Sweep the floor, please.
sympathy	n	B2	sự cảm thông	You have my sympathy.
tale	n	B2	câu chuyện kể	She told us a tale of adventure.
tank	n	B2	bể chứa; xe tăng	The fuel tank is empty.
target	v	B2	nhắm vào, hướng tới	The ads target young people.
tear (rip)	v,n	B2	xé rách; vết rách	Don't tear the page.
tear (from the eye)	n	B2	nước mắt, giọt lệ	Tears ran down her face.
temporary	adj	B2	tạm thời	It's only a temporary job.
term	v	B2	gọi là, đặt tên là	This is termed a soft error.
therapy	n	B2	liệu pháp, trị liệu	He's having speech therapy.
threat	n	B2	mối đe doạ	The threat is very real.
threaten	v	B2	đe doạ	He threatened to call the police.
thus	adv	B2	do đó, như vậy	Thus, the plan was cancelled.
time	v	B2	tính giờ, chọn thời điểm	She timed the race carefully.
title	v	B2	đặt tên, đặt tựa đề	The book is titled 'Silence'.
tone	n	B2	giọng điệu; tông màu	I don't like your tone.
tough	adj	B2	khó khăn; dai, rắn rỏi	It was a tough decision.
track	v	B2	theo dõi, lần theo	We can track the parcel online.
transfer	v,n	B2	chuyển giao; sự chuyển	He transferred to another school.
transform	v	B2	biến đổi hoàn toàn	The city has been transformed.
transition	n	B2	sự chuyển tiếp	The transition went smoothly.
trial	n	B2	phiên toà; cuộc thử nghiệm	The trial begins on Monday.
trip	v	B2	vấp ngã	She tripped over the cable.
tropical	adj	B2	nhiệt đới	They grow tropical fruit.
trouble	v	B2	làm phiền; gây rắc rối	Sorry to trouble you.
truly	adv	B2	thật sự, thực lòng	I'm truly grateful.
trust	n,v	B2	sự tin tưởng; tin tưởng	I don't trust him at all.
try	n	B2	lần thử	Give it another try.
tune	n	B2	giai điệu, khúc nhạc	I know the tune but not the words.
tunnel	n	B2	đường hầm	The train went through a tunnel.
ultimately	adv	B2	cuối cùng thì, xét cho cùng	Ultimately, it's your decision.
unconscious	adj	B2	bất tỉnh; vô thức	He was unconscious for an hour.
unexpected	adj	B2	bất ngờ, không lường trước	We had an unexpected visitor.
unique	adj	B2	độc nhất, duy nhất	Every fingerprint is unique.
universe	n	B2	vũ trụ	The universe is still expanding.
unknown	adj	B2	không rõ, vô danh	The cause is still unknown.
upper	adj	B2	phía trên, thượng	The upper floors are offices.
upwards	adv	B2	lên trên	Prices are moving upwards.
urban	adj	B2	thuộc đô thị	Urban life is stressful.
urge	v	B2	thúc giục, khuyên nhủ	I urge you to reconsider.
vary	v	B2	thay đổi, khác nhau	Prices vary from shop to shop.
vast	adj	B2	mênh mông, rộng lớn	A vast desert lay ahead.
venue	n	B2	địa điểm tổ chức	The venue holds 2,000 people.
very	adj	B2	chính, ngay	That's the very thing I need.
via	prep	B2	qua, thông qua	We flew to Rome via Paris.
victory	n	B2	chiến thắng	It was a narrow victory.
violence	n	B2	bạo lực	There was violence in the streets.
virtual	adj	B2	ảo; gần như	We had a virtual meeting.
vision	n	B2	tầm nhìn; thị lực	She has a clear vision for the future.
visual	adj	B2	thuộc thị giác	It's a visual language.
vital	adj	B2	thiết yếu, sống còn	Sleep is vital for health.
vitamin	n	B2	vitamin	Oranges are rich in vitamin C.
volume	n	B2	âm lượng; thể tích; tập sách	Turn the volume down.
wage	n	B2	tiền công, tiền lương	The minimum wage went up.
way	adv	B2	rất, nhiều (nhấn mạnh)	That's way too expensive.
weakness	n	B2	điểm yếu, nhược điểm	Everyone has weaknesses.
wealth	n	B2	sự giàu có, của cải	The country's wealth comes from oil.
wealthy	adj	B2	giàu có	They're a wealthy family.
whereas	conj	B2	trong khi đó	He likes tea, whereas I prefer coffee.
wherever	conj	B2	bất cứ nơi nào	Sit wherever you like.
whisper	v,n	B2	thì thầm; tiếng thì thầm	She whispered something to him.
whom	pron	B2	người mà, ai	To whom should I address it?
widely	adv	B2	rộng rãi, phổ biến	The book is widely read.
wildlife	n	B2	động vật hoang dã	The park protects local wildlife.
willing	adj	B2	sẵn lòng	Are you willing to help?
wind (turn)	v	B2	quấn, vặn; uốn khúc	The road winds through the hills.
wire	n	B2	dây kim loại, dây điện	Don't touch that wire.
wise	adj	B2	khôn ngoan, sáng suốt	That was a wise choice.
witness	n,v	B2	nhân chứng; chứng kiến	She witnessed the accident.
wound	n,v	B2	vết thương; làm bị thương	The wound is healing well.
wrap	v	B2	gói, bọc	She wrapped the present.
yet	conj	B2	nhưng, tuy vậy	It's simple, yet effective.
zone	n	B2	khu vực, vùng	This is a no-parking zone.
