front	type	pos	level	back	example
a few	structure		A1	một vài, một ít	I'll be back in a few minutes.
a good idea	structure		A1	một ý hay	It's a good idea to book early.
agree with sb	structure		A1	đồng ý với ai	I agree with you completely.
a little	structure		A1	một chút, một ít	Can I have a little sugar?
a lot	structure		A1	rất nhiều	Thanks a lot for your help.
a lot of sth	structure		A1	rất nhiều thứ gì	There's a lot of work to do.
all day	structure		A1	cả ngày	It rained all day.
all over the world	structure		A1	khắp thế giới	She has friends all over the world.
anything else	structure		A1	gì khác nữa	Would you like anything else?
a period of time	structure		A1	một khoảng thời gian	He stayed for a period of time.
around the world	structure		A1	vòng quanh thế giới	They travelled around the world.
arrive at…	structure		A1	đến (nơi nhỏ)	We arrived at the station early.
arrive in…	structure		A1	đến (thành phố, nước)	She arrived in Tokyo last night.
ask for sth	structure		A1	xin, yêu cầu điều gì	He asked for a glass of water.
at home	structure		A1	ở nhà	I'll be at home all evening.
at school	structure		A1	ở trường	The children are at school.
at the beginning of sth	structure		A1	vào đầu, lúc bắt đầu	We met at the beginning of the year.
at the end	structure		A1	ở cuối, cuối cùng	Turn left at the end.
at the end of sth	structure		A1	vào cuối cái gì	We'll pay at the end of the month.
at the moment	structure		A1	lúc này, hiện tại	She's busy at the moment.
at the same time	structure		A1	cùng lúc	They both spoke at the same time.
at the weekend	structure		A1	vào cuối tuần	What do you do at the weekend?
at university	structure		A1	ở trường đại học	My sister is at university.
at work	structure		A1	ở chỗ làm, đang làm việc	He's still at work.
away from sb/sth	structure		A1	xa khỏi ai/cái gì	Keep away from the edge.
bad for sb/sth	structure		A1	có hại cho	Sugar is bad for your teeth.
bad news	structure		A1	tin xấu	I'm afraid I have bad news.
bad thing	structure		A1	điều tệ hại	Losing isn't always a bad thing.
because of	structure		A1	vì, bởi vì	We stayed in because of the rain.
begin with sth	structure		A1	bắt đầu bằng	The word begins with an S.
be going to do sth	structure		A1	sẽ làm gì (dự định)	I'm going to call her tonight.
best friend	structure		A1	bạn thân nhất	She's my best friend.
black and white	structure		A1	đen trắng	It's an old black and white film.
car park	structure		A1	bãi đỗ xe	The car park is full.
cell phone	structure		A1	điện thoại di động	My cell phone is out of battery.
city centre	structure		A1	trung tâm thành phố	We live near the city centre.
come from…	structure		A1	đến từ, xuất thân từ	Where do you come from?
come into sth	structure		A1	đi vào	Please come into the office.
differences between A and B	structure		A1	sự khác nhau giữa A và B	What are the differences between them?
difficult for sb	structure		A1	khó đối với ai	Maths is difficult for me.
each other	structure		A1	lẫn nhau	They help each other.
end in sth	structure		A1	kết thúc bằng	The film ends in a wedding.
every day	structure		A1	mỗi ngày	I walk to work every day.
excuse me	structure		A1	xin lỗi (để hỏi, để đi qua)	Excuse me, is this seat free?
family member	structure		A1	thành viên gia đình	Every family member came.
find out	structure		A1	tìm ra, phát hiện	I'll find out and let you know.
for a long time	structure		A1	trong một thời gian dài	We waited for a long time.
for a moment	structure		A1	trong chốc lát	Wait here for a moment.
for example	structure		A1	ví dụ như	Try a fruit, for example an apple.
for lunch	structure		A1	cho bữa trưa	What did you have for lunch?
for many years	structure		A1	trong nhiều năm	He taught here for many years.
for the first time	structure		A1	lần đầu tiên	I saw snow for the first time.
get home	structure		A1	về đến nhà	What time do you get home?
get married	structure		A1	kết hôn	They got married last June.
get off	structure		A1	xuống (xe, tàu)	We get off at the next stop.
get on	structure		A1	lên (xe, tàu)	Get on the bus quickly.
get ready	structure		A1	chuẩn bị sẵn sàng	Get ready, we're leaving.
get there	structure		A1	đến nơi	How long does it take to get there?
get to…	structure		A1	đến được (nơi nào)	How do I get to the museum?
get up	structure		A1	thức dậy, đứng dậy	I get up at six every day.
go back	structure		A1	quay lại, trở về	I want to go back to Hue.
go home	structure		A1	về nhà	Let's go home now.
go into sth	structure		A1	đi vào trong	She went into the shop.
good at sth	structure		A1	giỏi về việc gì	He's good at drawing.
good for sb/sth	structure		A1	tốt cho ai/cái gì	Vegetables are good for you.
Good morning	structure		A1	chào buổi sáng	Good morning, everyone.
good news	structure		A1	tin tốt	I have good news for you.
good thing	structure		A1	điều tốt	It's a good thing you called.
go out	structure		A1	đi ra ngoài, đi chơi	We went out for dinner.
go to bed	structure		A1	đi ngủ	I go to bed at eleven.
go to school	structure		A1	đi học	My son goes to school by bus.
go to work	structure		A1	đi làm	She goes to work by train.
grow up	structure		A1	lớn lên, trưởng thành	I grew up in the countryside.
Guess what…	structure		A1	đoán xem…	Guess what, I got the job!
half an hour	structure		A1	nửa tiếng	The film starts in half an hour.
hard work	structure		A1	công việc vất vả	Farming is hard work.
have fun	structure		A1	vui vẻ, chơi vui	Have fun at the party!
have got	structure		A1	có	I've got two brothers.
have time	structure		A1	có thời gian	Do you have time for a coffee?
he or she	structure		A1	anh ấy hoặc cô ấy	Each student brings his or her book.
high school	structure		A1	trường trung học	She's still in high school.
his or her	structure		A1	của anh ấy hoặc cô ấy	Everyone has his or her own view.
How about…?	structure		A1	còn… thì sao?	How about Friday instead?
How are you?	structure		A1	bạn khoẻ không?	Hello, how are you?
How long…?	structure		A1	bao lâu?	How long does the trip take?
How many…?	structure		A1	bao nhiêu (đếm được)?	How many people are coming?
How much…?	structure		A1	bao nhiêu (không đếm được)?	How much does it cost?
How often…?	structure		A1	bao lâu một lần?	How often do you exercise?
important for sb/sth	structure		A1	quan trọng đối với	Sleep is important for children.
I'm sorry	structure		A1	tôi xin lỗi	I'm sorry, I forgot.
in April	structure		A1	vào tháng Tư	Her birthday is in April.
in bed	structure		A1	trên giường, đang nằm	She's still in bed.
in class	structure		A1	trong lớp học	Don't use phones in class.
in fact	structure		A1	thực ra	In fact, I've never been there.
in front of	structure		A1	phía trước	The car is in front of the house.
in my opinion	structure		A1	theo ý tôi	In my opinion, it's too expensive.
in school	structure		A1	đang đi học	Both children are still in school.
in space	structure		A1	trong không gian vũ trụ	They spent a year in space.
in summer	structure		A1	vào mùa hè	We swim a lot in summer.
in the centre	structure		A1	ở trung tâm	The hotel is right in the centre.
in the country	structure		A1	ở vùng quê	They live in the country.
in the future	structure		A1	trong tương lai	In the future, cars may fly.
in the morning	structure		A1	vào buổi sáng	I study best in the morning.
in the north	structure		A1	ở phía bắc	It's colder in the north.
in the past	structure		A1	trong quá khứ	In the past, letters took weeks.
in the street	structure		A1	ngoài đường	The children played in the street.
in the summer	structure		A1	vào mùa hè	We visit them in the summer.
in town	structure		A1	trong thị trấn, trong phố	Is there a bank in town?
it is important to do sth	structure		A1	điều quan trọng là phải làm gì	It is important to arrive on time.
It takes…	structure		A1	mất (bao lâu)	It takes an hour by train.
kind of sb/sth	structure		A1	loại, kiểu gì đó	What kind of music do you like?
know how	structure		A1	biết cách	I don't know how to swim.
last time	structure		A1	lần trước	The last time we met was in May.
last year	structure		A1	năm ngoái	We moved here last year.
learn how to do sth	structure		A1	học cách làm gì	I want to learn how to cook.
listen to sb/sth	structure		A1	nghe ai/cái gì	Listen to me carefully.
live with sb	structure		A1	sống chung với ai	She lives with her parents.
living room	structure		A1	phòng khách	The TV is in the living room.
look at sb/sth	structure		A1	nhìn vào	Look at this photo.
look for sb/sth	structure		A1	tìm kiếm	I'm looking for my keys.
look like sb/sth	structure		A1	trông giống	She looks like her mother.
lots of…	structure		A1	rất nhiều	There were lots of people.
millions of…	structure		A1	hàng triệu	Millions of people watched it.
mobile phone	structure		A1	điện thoại di động	Turn off your mobile phone.
more than…	structure		A1	hơn, nhiều hơn	It costs more than I expected.
next time	structure		A1	lần sau	Next time, call me first.
next year	structure		A1	năm sau	We're moving next year.
No problem	structure		A1	không có gì, không sao	No problem, I'll do it.
of course	structure		A1	tất nhiên rồi	Of course you can come.
Oh no!	structure		A1	ôi không!	Oh no, I've lost my ticket!
Oh yes	structure		A1	à đúng rồi	Oh yes, I remember now.
old friend	structure		A1	bạn cũ	I met an old friend yesterday.
once a…	structure		A1	mỗi… một lần	I see her once a month.
one day	structure		A1	một ngày nào đó; một hôm	One day I'll go to Japan.
on holiday	structure		A1	đang đi nghỉ	They're on holiday in Spain.
on Monday	structure		A1	vào thứ Hai	The class is on Monday.
on television	structure		A1	trên truyền hình	It was on television last night.
on the beach	structure		A1	trên bãi biển	We spent the day on the beach.
on the floor	structure		A1	trên sàn nhà	The books are on the floor.
on the internet	structure		A1	trên mạng internet	I found it on the internet.
on the left	structure		A1	ở bên trái	The bank is on the left.
on the phone	structure		A1	đang nói điện thoại	She's on the phone right now.
on TV	structure		A1	trên tivi	What's on TV tonight?
out of sth	structure		A1	ra khỏi; hết	We're out of milk.
over there	structure		A1	đằng kia	The toilets are over there.
pay for sth	structure		A1	trả tiền cho	Who paid for the meal?
phone call	structure		A1	cuộc gọi điện thoại	I need to make a phone call.
phone number	structure		A1	số điện thoại	What's your phone number?
plan for sth	structure		A1	kế hoạch cho việc gì	Do you have plans for the weekend?
play with sb/sth	structure		A1	chơi với ai/cái gì	The kids played with the dog.
post office	structure		A1	bưu điện	The post office closes at five.
pretty good	structure		A1	khá tốt	Her English is pretty good.
really enjoy	structure		A1	rất thích, rất tận hưởng	I really enjoy cooking.
really good	structure		A1	rất tốt, rất hay	That film was really good.
really like	structure		A1	rất thích	I really like this song.
right now	structure		A1	ngay bây giờ	I'm busy right now.
See you	structure		A1	hẹn gặp lại	See you tomorrow!
sit down	structure		A1	ngồi xuống	Please sit down.
someone else	structure		A1	người khác	Ask someone else.
speak to sb	structure		A1	nói chuyện với ai	Can I speak to the manager?
spend time	structure		A1	dành thời gian	I spend time with my family.
stand up	structure		A1	đứng lên	Everyone stood up.
stay in	structure		A1	ở nhà, không ra ngoài	Let's stay in tonight.
such as	structure		A1	chẳng hạn như	Fruits such as apples and pears.
swimming pool	structure		A1	hồ bơi	The hotel has a swimming pool.
talk about sb/sth	structure		A1	nói về ai/cái gì	We talked about the film.
thank you	structure		A1	cảm ơn	Thank you for your help.
that day	structure		A1	ngày hôm đó	I remember that day well.
the 20th century	structure		A1	thế kỷ 20	It was built in the 20th century.
the next day	structure		A1	ngày hôm sau	The next day it rained.
there is	structure		A1	có	There is a problem.
think about sb/sth	structure		A1	nghĩ về ai/cái gì	I'm thinking about moving.
think of sb/sth	structure		A1	nghĩ ra, nghĩ đến	I can't think of his name.
This is…	structure		A1	đây là…	This is my brother, Nam.
this kind of…	structure		A1	loại này	I don't like this kind of music.
this morning	structure		A1	sáng nay	I saw her this morning.
this time	structure		A1	lần này	This time I'll be careful.
this year	structure		A1	năm nay	We're not travelling this year.
thousands of…	structure		A1	hàng nghìn	Thousands of people applied.
too long	structure		A1	quá lâu, quá dài	The meeting was too long.
too much	structure		A1	quá nhiều	You work too much.
town centre	structure		A1	trung tâm thị trấn	The shops are in the town centre.
TV show	structure		A1	chương trình truyền hình	It's my favourite TV show.
wait for sb/sth	structure		A1	chờ đợi ai/cái gì	I waited for an hour.
wake up	structure		A1	thức dậy	I wake up at six.
welcome to sth	structure		A1	chào mừng đến với	Welcome to our home.
What about…?	structure		A1	còn… thì sao?	What about Saturday?
work as sth	structure		A1	làm nghề gì	She works as a nurse.
work for sb/sth	structure		A1	làm việc cho	He works for a bank.
work hard	structure		A1	làm việc chăm chỉ	She works hard every day.
work together	structure		A1	làm việc cùng nhau	We work together well.
work with sb	structure		A1	làm việc với ai	I work with my brother.
would like	structure		A1	muốn	I would like a coffee.
Would you like…?	structure		A1	bạn có muốn… không?	Would you like some tea?
X hours a day	structure		A1	X tiếng mỗi ngày	He sleeps eight hours a day.
X times a…	structure		A1	X lần mỗi…	I go three times a week.
X years ago	structure		A1	cách đây X năm	We met ten years ago.
X years later	structure		A1	X năm sau đó	Two years later, she returned.
X years old	structure		A1	X tuổi	My son is six years old.
You're welcome	structure		A1	không có gì	You're welcome, any time.
a bit	structure		A2	một chút	I'm a bit tired.
able to do sth	structure		A2	có thể làm gì	Are you able to come?
a couple of sth	structure		A2	một vài, hai ba cái	I need a couple of days.
add to sth	structure		A2	thêm vào	This adds to the cost.
again and again	structure		A2	lặp đi lặp lại	He said it again and again.
all about…	structure		A2	toàn bộ về, tất tần tật	Tell me all about it.
all kinds of…	structure		A2	đủ mọi loại	They sell all kinds of bread.
all over…	structure		A2	khắp cả	There was mud all over the floor.
all sorts of…	structure		A2	đủ thứ, đủ loại	We saw all sorts of birds.
all the time	structure		A2	suốt, lúc nào cũng	He complains all the time.
a long time ago	structure		A2	cách đây rất lâu	That was a long time ago.
a long way	structure		A2	một quãng đường xa	It's a long way to the station.
a number of sth	structure		A2	một số, nhiều	A number of people complained.
apply for sth	structure		A2	nộp đơn xin	She applied for the job.
art gallery	structure		A2	phòng tranh	We visited an art gallery.
as a result	structure		A2	kết quả là	As a result, prices rose.
as part of sth	structure		A2	như một phần của	It's done as part of the course.
as well	structure		A2	cũng, nữa	Can I come as well?
at first	structure		A2	lúc đầu	At first I didn't like it.
at least	structure		A2	ít nhất	It costs at least 50 dollars.
at the age of…	structure		A2	ở tuổi…	She started at the age of five.
at the start of sth	structure		A2	vào lúc bắt đầu	At the start of the year we moved.
at the time	structure		A2	vào lúc đó	I was at work at the time.
at the time of sth	structure		A2	vào thời điểm của	At the time of the call, I was out.
at the top	structure		A2	ở trên đỉnh, ở đầu	Her name is at the top.
based on sth	structure		A2	dựa trên	The film is based on a novel.
be allowed to do sth	structure		A2	được phép làm gì	You're not allowed to park here.
believe in sb/sth	structure		A2	tin vào	I believe in you.
belong to sb	structure		A2	thuộc về ai	This bag belongs to me.
belong to sth	structure		A2	là thành viên của	She belongs to a book club.
be made of sth	structure		A2	được làm bằng	The table is made of glass.
by the end of sth	structure		A2	trước khi kết thúc	Finish it by the end of the week.
care about sth	structure		A2	quan tâm đến	He doesn't care about money.
carry on	structure		A2	tiếp tục	Carry on, I'm listening.
carry sth out	structure		A2	thực hiện, tiến hành	They carried out a survey.
check in	structure		A2	làm thủ tục nhận phòng	We checked in at noon.
check out	structure		A2	trả phòng; xem thử	Check out this photo.
climate change	structure		A2	biến đổi khí hậu	Climate change affects everyone.
close to sb/sth	structure		A2	gần với	The hotel is close to the beach.
come back	structure		A2	quay lại	Come back soon.
Come on!	structure		A2	nào, thôi nào	Come on, we're late!
connected to sth	structure		A2	được kết nối với	The printer is connected to the laptop.
connected with sb/sth	structure		A2	có liên quan đến	The case is connected with drugs.
credit card	structure		A2	thẻ tín dụng	Can I pay by credit card?
deal with sb	structure		A2	làm việc, ứng xử với ai	She deals with customers all day.
deal with sth	structure		A2	xử lý việc gì	I'll deal with it tomorrow.
depend on sb/sth	structure		A2	dựa vào, trông cậy	You can depend on her.
depend on sth	structure		A2	tuỳ thuộc vào	It depends on the weather.
do well	structure		A2	làm tốt, thành công	She did well in the exam.
each one	structure		A2	từng cái một	Each one costs a dollar.
end with sth	structure		A2	kết thúc bằng	The show ends with a song.
even more…	structure		A2	còn hơn thế nữa	It's even more expensive now.
everyone else	structure		A2	mọi người khác	Everyone else had gone.
except for	structure		A2	ngoại trừ	It's perfect except for the price.
fall in love	structure		A2	phải lòng, yêu	They fell in love in Paris.
fall off	structure		A2	rơi khỏi, ngã khỏi	He fell off his bike.
far away	structure		A2	xa xôi	She lives far away now.
feel good	structure		A2	thấy dễ chịu	Exercise makes me feel good.
feel like sth	structure		A2	thấy thèm, muốn	I feel like a cup of tea.
fill sth in	structure		A2	điền vào	Fill in this form, please.
find it difficult to do sth	structure		A2	thấy khó làm gì	I find it difficult to sleep.
first of all	structure		A2	trước hết	First of all, let me explain.
focus on sb/sth	structure		A2	tập trung vào	Focus on your studies.
followed by sb/sth	structure		A2	tiếp theo là	Dinner, followed by a film.
for the rest of sth	structure		A2	trong suốt phần còn lại	We stayed for the rest of the week.
for this reason	structure		A2	vì lý do này	For this reason, we cancelled.
get back	structure		A2	trở về; lấy lại	What time did you get back?
get better	structure		A2	khá lên, khỏi bệnh	I hope you get better soon.
get lost	structure		A2	bị lạc	We got lost in the old town.
get out	structure		A2	ra ngoài, thoát ra	Get out of the car.
give up	structure		A2	từ bỏ, bỏ cuộc	Don't give up now.
give sth up	structure		A2	bỏ (thói quen)	He gave up smoking.
go and…	structure		A2	đi và làm gì	Go and ask your mother.
go away	structure		A2	đi khỏi, đi xa	The pain won't go away.
go down	structure		A2	đi xuống; giảm	Prices went down last month.
go down sth	structure		A2	đi xuống theo	Go down this road.
go for sth	structure		A2	chọn lấy; đi (làm gì)	I'll go for the cheaper one.
go up	structure		A2	đi lên; tăng	Rents have gone up again.
good luck	structure		A2	chúc may mắn	Good luck with the interview.
happen to sb/sth	structure		A2	xảy ra với ai	What happened to your car?
happy with sb/sth	structure		A2	hài lòng với	Are you happy with the result?
have a look	structure		A2	xem thử	Have a look at this.
have got to	structure		A2	phải	I've got to go now.
Have you ever…?	structure		A2	bạn đã từng… chưa?	Have you ever been to Japan?
health problems	structure		A2	vấn đề sức khoẻ	He has serious health problems.
hear about sb/sth	structure		A2	nghe nói về	Did you hear about the accident?
I don't care	structure		A2	tôi không quan tâm	I don't care what they say.
if necessary	structure		A2	nếu cần	Call me, if necessary.
if you want to	structure		A2	nếu bạn muốn	You can leave, if you want to.
I guess	structure		A2	tôi đoán vậy	I guess you're right.
I'm afraid…	structure		A2	tôi e rằng…	I'm afraid he's not here.
I mean	structure		A2	ý tôi là	I mean, it's not that simple.
in business	structure		A2	trong kinh doanh	They've been in business for years.
in danger	structure		A2	đang gặp nguy hiểm	The species is in danger.
in history	structure		A2	trong lịch sử	It was the worst storm in history.
in hospital	structure		A2	đang nằm viện	She's in hospital with flu.
in love	structure		A2	đang yêu	They're deeply in love.
in prison	structure		A2	đang ở tù	He spent two years in prison.
in some cases	structure		A2	trong một số trường hợp	In some cases, it takes longer.
instead of	structure		A2	thay vì	Let's walk instead of driving.
in the air	structure		A2	trên không, trong không khí	There's a smell of rain in the air.
in the end	structure		A2	cuối cùng thì	In the end, we stayed home.
in the middle	structure		A2	ở giữa	He stopped in the middle.
in the same way	structure		A2	theo cùng một cách	Treat everyone in the same way.
in this way	structure		A2	theo cách này	In this way, we save time.
it depends	structure		A2	còn tuỳ	It depends how much it costs.
I think so	structure		A2	tôi nghĩ vậy	Is he coming? I think so.
lead to sth	structure		A2	dẫn đến	Stress can lead to illness.
less than…	structure		A2	ít hơn	It took less than an hour.
Let me…	structure		A2	để tôi…	Let me help you with that.
let me know	structure		A2	cho tôi biết	Let me know when you arrive.
look after sb/sth/yourself	structure		A2	chăm sóc	She looks after her grandchildren.
look back at sth	structure		A2	nhìn lại	Looking back at it, I was wrong.
look sth up	structure		A2	tra cứu	Look the word up in a dictionary.
make a mistake	structure		A2	phạm sai lầm	Everyone makes mistakes.
make money	structure		A2	kiếm tiền	He makes money selling cars.
make sense	structure		A2	có ý nghĩa, hợp lý	That doesn't make sense.
make sure	structure		A2	đảm bảo rằng	Make sure the door is locked.
much better	structure		A2	tốt hơn nhiều	I feel much better today.
not at all	structure		A2	không hề, không có gì	I'm not at all surprised.
no way	structure		A2	không đời nào	No way am I doing that.
Oh dear	structure		A2	ôi trời	Oh dear, what happened?
Oh well	structure		A2	thôi thì	Oh well, next time.
on earth	structure		A2	trên trái đất; quái gì	What on earth is that?
on the ground	structure		A2	trên mặt đất	The leaves lay on the ground.
on the other side	structure		A2	ở phía bên kia	The shop is on the other side.
on the wall	structure		A2	trên tường	There's a clock on the wall.
on time	structure		A2	đúng giờ	The train arrived on time.
on top of sth/sb	structure		A2	trên đỉnh, trên nóc	Put the box on top of the pile.
one or two	structure		A2	một hai cái, vài cái	I have one or two questions.
ordinary people	structure		A2	người bình thường	The law affects ordinary people.
pay attention	structure		A2	chú ý	Pay attention to the road.
per hour	structure		A2	mỗi giờ	She earns 20 dollars per hour.
pick sb/sth up	structure		A2	đón; nhặt lên	I'll pick you up at eight.
police officer	structure		A2	cảnh sát viên	A police officer stopped us.
police station	structure		A2	đồn cảnh sát	Report it at the police station.
public transport	structure		A2	giao thông công cộng	Public transport is cheap here.
put sth on	structure		A2	mặc vào, đeo vào	Put your coat on.
quite a lot	structure		A2	khá nhiều	I've read quite a lot about it.
reasons why	structure		A2	những lý do vì sao	There are many reasons why.
refer to sb/sth	structure		A2	nhắc đến, ám chỉ	Who are you referring to?
report on sth	structure		A2	báo cáo về	She reported on the meeting.
respond to sth/sb	structure		A2	đáp lại	He didn't respond to my email.
save money	structure		A2	tiết kiệm tiền	We're saving money for a house.
science fiction	structure		A2	khoa học viễn tưởng	He only reads science fiction.
search for sth/sb	structure		A2	tìm kiếm	They searched for hours.
so that…	structure		A2	để mà	Speak up so that everyone hears.
solution to sth	structure		A2	giải pháp cho	There's no easy solution to this.
sort of sth	structure		A2	kiểu, loại nào đó	It's a sort of soup.
sound like sb/sth	structure		A2	nghe có vẻ như	That sounds like a good plan.
start with sb/sth	structure		A2	bắt đầu bằng	Let's start with the first question.
such a/an…	structure		A2	thật là một…	It was such a lovely day.
take care of sb/sth/yourself	structure		A2	chăm sóc, lo liệu	Take care of yourself.
take off	structure		A2	cất cánh	The plane took off on time.
take sth off	structure		A2	cởi ra, tháo ra	Take off your shoes.
take part	structure		A2	tham gia	Everyone took part in the game.
take place	structure		A2	diễn ra	The wedding takes place in June.
the best thing	structure		A2	điều tốt nhất	The best thing is to wait.
the first thing	structure		A2	điều đầu tiên	The first thing I do is check email.
the following…	structure		A2	những điều sau đây	Answer the following questions.
the important thing	structure		A2	điều quan trọng là	The important thing is to try.
the other side of sth	structure		A2	phía bên kia của	The shop is on the other side of the road.
the rest of sth	structure		A2	phần còn lại của	I'll read the rest of it later.
these days	structure		A2	dạo này, ngày nay	These days everyone has a phone.
they say…	structure		A2	người ta nói rằng	They say it will rain.
throw sth away	structure		A2	vứt đi	Don't throw away the receipt.
turn sth off	structure		A2	tắt	Turn the light off.
turn sth on	structure		A2	bật	Turn the radio on.
up and down	structure		A2	lên xuống, tới lui	He walked up and down the room.
Why not…?	structure		A2	sao không…?	Why not ask her directly?
work out	structure		A2	tập thể dục; ổn thoả	Everything worked out fine.
worried about sb/sth	structure		A2	lo lắng về	I'm worried about the exam.
would love to do sth	structure		A2	rất muốn làm gì	I'd love to visit Japan.
write sth down	structure		A2	ghi lại	Write down the address.
a bit more	structure		B1	thêm một chút	Can I have a bit more time?
a bit of sth	structure		B1	một chút gì đó	There's a bit of a problem.
access to sth	structure		B1	quyền tiếp cận	Students have access to the lab.
after all	structure		B1	xét cho cùng; hoá ra	He came after all.
a great deal	structure		B1	rất nhiều	She knows a great deal about art.
aim to do sth	structure		B1	nhắm tới việc làm gì	We aim to finish by June.
a kind of…	structure		B1	một dạng, một kiểu	It's a kind of tax.
a little bit	structure		B1	một chút xíu	I'm a little bit worried.
a little more	structure		B1	thêm một chút nữa	Add a little more salt.
along with sb/sth	structure		B1	cùng với	She came along with her sister.
a lot more	structure		B1	nhiều hơn nhiều	It costs a lot more now.
alternative to sth	structure		B1	lựa chọn thay thế cho	Is there an alternative to surgery?
and so on	structure		B1	vân vân	Bring pens, paper and so on.
apart from	structure		B1	ngoài ra; ngoại trừ	Apart from Tom, everyone came.
a range of sth	structure		B1	một loạt, đủ các loại	We offer a range of courses.
as if…	structure		B1	như thể là	He looked as if he'd been crying.
as much as	structure		B1	nhiều bằng, nhiều như	Take as much as you need.
as soon as possible	structure		B1	càng sớm càng tốt	Reply as soon as possible.
at last	structure		B1	cuối cùng cũng	At last, the rain stopped.
at risk	structure		B1	có nguy cơ, gặp rủi ro	Their jobs are at risk.
at times	structure		B1	đôi lúc	At times I feel like giving up.
attached to sb/sth	structure		B1	gắn bó với; đính kèm	She's very attached to her cat.
a variety of sth	structure		B1	nhiều loại khác nhau	They sell a variety of teas.
be about to do sth	structure		B1	sắp sửa làm gì	I was about to call you.
be going on	structure		B1	đang diễn ra	What's going on here?
be known as sb/sth	structure		B1	được biết đến với tên	He's known as the boss.
benefit from sth	structure		B1	hưởng lợi từ	Everyone benefits from good sleep.
be supposed to do sth	structure		B1	đáng lẽ phải làm gì	You're supposed to wait here.
break up	structure		B1	chia tay; tan rã	They broke up last month.
by the time (that)…	structure		B1	đến lúc mà	By the time we arrived, it was over.
can't afford sth	structure		B1	không đủ tiền mua	We can't afford a new car.
care for sb	structure		B1	chăm sóc ai	She cares for her elderly mother.
caused by sth	structure		B1	gây ra bởi	The delay was caused by snow.
check sb/sth out	structure		B1	kiểm tra, tìm hiểu	Check out their new album.
choose to do sth	structure		B1	chọn làm gì	She chose to stay behind.
clean up	structure		B1	dọn dẹp	Let's clean up before they arrive.
click on sth	structure		B1	nhấp chuột vào	Click on the blue link.
come up with sth	structure		B1	nghĩ ra	He came up with a great idea.
compared with sth	structure		B1	so với	Compared with last year, sales are up.
concentrate on sth	structure		B1	tập trung vào	Concentrate on your work.
consist of sb/sth	structure		B1	bao gồm	The course consists of ten units.
decide on sth	structure		B1	quyết định chọn	We decided on the red one.
depending on	structure		B1	tuỳ thuộc vào	Prices vary depending on the season.
developing countries	structure		B1	các nước đang phát triển	Many developing countries face this.
due to sb/sth	structure		B1	do, vì	The delay was due to fog.
economic growth	structure		B1	tăng trưởng kinh tế	Economic growth has slowed.
end up	structure		B1	kết cục là, rốt cuộc	We ended up walking home.
even if	structure		B1	dù cho	I'll go even if it rains.
even though	structure		B1	mặc dù	Even though it's late, I'm not tired.
exactly the same	structure		B1	hoàn toàn giống nhau	The two are exactly the same.
experience in sth	structure		B1	kinh nghiệm trong lĩnh vực	She has experience in teaching.
fail to do sth	structure		B1	không làm được gì	He failed to answer the question.
fall asleep	structure		B1	ngủ thiếp đi	I fell asleep on the sofa.
far more	structure		B1	nhiều hơn hẳn	It's far more difficult than I thought.
far too	structure		B1	quá là, quá mức	It's far too expensive.
fed up	structure		B1	chán ngán	I'm fed up with waiting.
for a while	structure		B1	một lúc, một thời gian	Let's rest for a while.
for free	structure		B1	miễn phí	Children get in for free.
for instance	structure		B1	ví dụ như	Take this case, for instance.
for life	structure		B1	suốt đời	They became friends for life.
for long	structure		B1	trong thời gian dài	I won't be long.
for some time	structure		B1	một thời gian khá lâu	We've known each other for some time.
get on with sb	structure		B1	hoà hợp với ai	I get on well with my boss.
get to know sb	structure		B1	làm quen với ai	It takes time to get to know him.
get used to sth	structure		B1	quen dần với	I got used to the noise.
global warming	structure		B1	sự nóng lên toàn cầu	Global warming affects us all.
go ahead	structure		B1	cứ tiếp tục, cứ làm đi	Go ahead, I'm listening.
go wrong	structure		B1	hỏng, trục trặc	Something went wrong with the plan.
growth in sth	structure		B1	sự tăng trưởng về	There's been growth in online sales.
have no idea	structure		B1	không biết gì cả	I have no idea where he is.
have sth in common	structure		B1	có điểm chung	We have a lot in common.
hear of sb/sth	structure		B1	nghe nói đến	I've never heard of that band.
heart disease	structure		B1	bệnh tim	Smoking causes heart disease.
high street	structure		B1	phố chính, phố buôn bán	The shop is on the high street.
higher education	structure		B1	giáo dục đại học	She's going into higher education.
if I were you	structure		B1	nếu tôi là bạn	If I were you, I'd wait.
in addition	structure		B1	thêm vào đó	In addition, we offer support.
in a way that...	structure		B1	theo cách mà	He spoke in a way that calmed us.
in case…	structure		B1	phòng khi	Take a coat in case it rains.
in charge of sb/sth	structure		B1	phụ trách, chịu trách nhiệm	Who's in charge of the project?
in contrast	structure		B1	ngược lại, trái lại	In contrast, sales fell in Asia.
in favour of sb/sth	structure		B1	ủng hộ, tán thành	Most voted in favour of the plan.
in general	structure		B1	nói chung	In general, the food is good.
in order of sth	structure		B1	theo thứ tự	List them in order of importance.
in order to do sth	structure		B1	để làm gì	She left early in order to catch the train.
in other words	structure		B1	nói cách khác	In other words, we can't afford it.
in particular	structure		B1	đặc biệt là	I liked the ending in particular.
in public	structure		B1	nơi công cộng	He hates speaking in public.
in recent years	structure		B1	trong những năm gần đây	In recent years, prices have risen.
in response to sth	structure		B1	để đáp lại	In response to complaints, we changed it.
in terms of sth	structure		B1	xét về mặt	In terms of cost, it's cheaper.
in the case of sth	structure		B1	trong trường hợp của	In the case of fire, use the stairs.
in the form of sb/sth	structure		B1	dưới dạng	Help came in the form of a loan.
in the way (that)…	structure		B1	theo cách mà	I like the way that she explains it.
in this case	structure		B1	trong trường hợp này	In this case, I'd say yes.
in time	structure		B1	kịp lúc	We arrived just in time.
in touch	structure		B1	giữ liên lạc	Let's keep in touch.
I wonder if…	structure		B1	không biết liệu có…	I wonder if she'll come.
leave sb/sth out	structure		B1	bỏ sót, để ra ngoài	You left out one name.
likely to do sth	structure		B1	có khả năng làm gì	It's likely to rain tonight.
look forward to sth	structure		B1	mong chờ	I look forward to seeing you.
look out	structure		B1	coi chừng	Look out, there's a car!
make a difference	structure		B1	tạo ra khác biệt	Small changes make a difference.
make sth up	structure		B1	bịa ra	He made up the whole story.
manage to do sth	structure		B1	xoay xở làm được	I managed to finish on time.
mean to do sth	structure		B1	cố ý làm gì	I didn't mean to hurt you.
more and more	structure		B1	ngày càng nhiều	More and more people work from home.
move on	structure		B1	chuyển sang; bước tiếp	Let's move on to the next point.
no longer	structure		B1	không còn nữa	He no longer works here.
no more than…	structure		B1	không quá	It costs no more than 50 dollars.
not even	structure		B1	thậm chí không	He didn't even say goodbye.
not necessarily	structure		B1	không nhất thiết	That's not necessarily true.
not only	structure		B1	không chỉ	Not only is it cheap, it's good.
on a regular basis	structure		B1	một cách đều đặn	We meet on a regular basis.
on my own	structure		B1	một mình, tự mình	I did it on my own.
on the other hand	structure		B1	mặt khác	On the other hand, it's risky.
on the street	structure		B1	ngoài đường phố	He grew up on the street.
on the way	structure		B1	trên đường đi	I'll buy milk on the way.
or something	structure		B1	hay gì đó	Let's get coffee or something.
or two	structure		B1	hoặc hai, một hai cái	Give me a day or two.
ought to	structure		B1	nên	You ought to apologize.
out there	structure		B1	ngoài kia	There's a whole world out there.
over the years	structure		B1	qua nhiều năm	Over the years, we became friends.
over time	structure		B1	theo thời gian	Over time, it gets easier.
participate in sth	structure		B1	tham gia vào	All students participate in sport.
point of view	structure		B1	quan điểm	I understand your point of view.
prepared to do sth	structure		B1	sẵn sàng làm gì	Are you prepared to pay more?
primary school	structure		B1	trường tiểu học	My daughter starts primary school.
prime minister	structure		B1	thủ tướng	The prime minister resigned.
put sth up	structure		B1	dựng lên; treo lên	They put up a new sign.
quite a…	structure		B1	khá là một…	That's quite a difference.
raise money	structure		B1	quyên góp tiền	We raised money for the hospital.
rather than	structure		B1	thay vì	Let's walk rather than drive.
reaction to sth	structure		B1	phản ứng với	What was her reaction to the news?
relate to sth/sb	structure		B1	liên quan đến	How does this relate to us?
related to sth/sb	structure		B1	có liên quan tới	The two problems are related to each other.
respect for sb/sth	structure		B1	sự tôn trọng đối với	I have great respect for her.
result in sth	structure		B1	dẫn đến kết quả là	The crash resulted in two deaths.
rise in sth	structure		B1	sự tăng lên của	There's been a rise in prices.
run out	structure		B1	hết, cạn	Time is running out.
run out of sth	structure		B1	hết cái gì	We've run out of coffee.
search engine	structure		B1	công cụ tìm kiếm	Which search engine do you use?
secondary school	structure		B1	trường trung học	He teaches at a secondary school.
set sth up	structure		B1	thành lập; lắp đặt	They set up a new company.
slow down	structure		B1	chậm lại	Slow down, you're driving too fast.
so far	structure		B1	cho đến nay	So far, everything is fine.
some kind of…	structure		B1	một loại nào đó	It's some kind of insect.
succeed in doing sth	structure		B1	thành công trong việc	She succeeded in passing the test.
suffer from sth	structure		B1	mắc phải, chịu đựng	He suffers from headaches.
sure to do sth	structure		B1	chắc chắn sẽ	She's sure to win.
take sb/sth on	structure		B1	nhận, đảm nhận	We took on two new staff.
take up sth	structure		B1	bắt đầu (sở thích)	She took up painting last year.
take sth up	structure		B1	chiếm (chỗ, thời gian)	The sofa takes up too much room.
tell the truth	structure		B1	nói thật	Just tell the truth.
tend to do sth	structure		B1	có xu hướng làm gì	I tend to wake up early.
thanks to sb/sth	structure		B1	nhờ có	Thanks to her, we finished on time.
that's it	structure		B1	thế thôi; đúng rồi	That's it, we're done.
the case	structure		B1	sự thật, tình hình	That's not the case at all.
the fact that…	structure		B1	việc mà, thực tế là	The fact that he lied worries me.
those who…	structure		B1	những người mà	Those who arrive late will wait.
to do with sb/sth	structure		B1	liên quan tới	It has nothing to do with you.
together with	structure		B1	cùng với	Send the form together with a photo.
too bad	structure		B1	thật đáng tiếc	Too bad you can't come.
try and…	structure		B1	cố gắng mà	Try and get some sleep.
turn sth up	structure		B1	vặn to lên	Turn the music up.
unable to do sth	structure		B1	không thể làm gì	I was unable to attend.
up to sth	structure		B1	lên tới; tuỳ vào	It can hold up to ten people.
way of life	structure		B1	lối sống	Farming is a way of life here.
well known	structure		B1	nổi tiếng, ai cũng biết	She's a well known writer.
work on sth	structure		B1	làm việc về, nghiên cứu	He's working on a new book.
work sth out	structure		B1	tính ra, hiểu ra	I worked out the answer.
wrong with sb/sth	structure		B1	có vấn đề gì	What's wrong with the car?
you see	structure		B1	bạn thấy đấy	You see, it's not that simple.
a bit of a…	structure		B2	hơi bị, khá là một	It's a bit of a problem.
account for sth	structure		B2	chiếm; giải thích	Exports account for half our sales.
accused of sth	structure		B2	bị buộc tội	He was accused of theft.
act as sth	structure		B2	đóng vai trò là	She acts as our translator.
aimed at sb	structure		B2	nhắm vào ai	The book is aimed at beginners.
aimed at doing sth	structure		B2	nhằm mục đích làm gì	The law is aimed at cutting waste.
all the way	structure		B2	suốt cả quãng đường	We walked all the way home.
a means of sth	structure		B2	một phương tiện để	It's a means of transport.
appeal to sb	structure		B2	hấp dẫn ai	The idea appeals to me.
apply to sb/sth	structure		B2	áp dụng cho	This rule applies to everyone.
as a whole	structure		B2	nói chung, xét toàn bộ	The country as a whole benefited.
as far as I am concerned	structure		B2	theo như tôi thấy	As far as I am concerned, it's over.
as follows…	structure		B2	như sau	The rules are as follows.
as for sb/sth	structure		B2	còn về phần	As for me, I'd rather stay.
as long as…	structure		B2	miễn là	You can stay as long as you're quiet.
associated with sth	structure		B2	gắn liền với	Risks associated with smoking are known.
as though…	structure		B2	như thể là	He acted as though nothing happened.
at once	structure		B2	ngay lập tức; cùng lúc	Come here at once.
at present	structure		B2	hiện tại	At present, we have no vacancies.
at some point	structure		B2	vào lúc nào đó	We'll have to decide at some point.
at the end of the day	structure		B2	xét cho cùng	At the end of the day, it's your choice.
at this point	structure		B2	vào lúc này	At this point, I gave up.
at this stage	structure		B2	ở giai đoạn này	At this stage, nothing is certain.
awareness of sth	structure		B2	nhận thức về	Awareness of the risk is growing.
back sb/sth up	structure		B2	ủng hộ; sao lưu	Back up your files regularly.
be charged with sth	structure		B2	bị buộc tội	He was charged with fraud.
be derived from sth	structure		B2	bắt nguồn từ	The word is derived from Latin.
be expected to do sth	structure		B2	được kỳ vọng sẽ	Prices are expected to rise.
be known to do sth	structure		B2	được biết là hay làm gì	He's known to arrive late.
be made up of sth	structure		B2	được tạo thành từ	The team is made up of five people.
be surrounded by sb/sth	structure		B2	bị bao quanh bởi	The house is surrounded by trees.
be to blame	structure		B2	đáng bị trách	Nobody is to blame.
both sides	structure		B2	cả hai bên	Both sides agreed to talk.
bound to do sth	structure		B2	chắc chắn sẽ	You're bound to feel nervous.
bring sb up	structure		B2	nuôi dạy ai	She brought up three children.
by now	structure		B2	đến giờ này	They should have arrived by now.
call for sth	structure		B2	kêu gọi; đòi hỏi	The report calls for change.
case study	structure		B2	nghiên cứu tình huống	The book includes a case study.
come across sb/sth	structure		B2	tình cờ gặp, bắt gặp	I came across an old photo.
come true	structure		B2	thành hiện thực	Her dream came true.
concerned about sth	structure		B2	lo lắng về	Parents are concerned about safety.
concerned with sth	structure		B2	liên quan đến	The report is concerned with costs.
confidence in sb/sth	structure		B2	niềm tin vào	I have confidence in the team.
contribute to sth	structure		B2	góp phần vào	Diet contributes to good health.
control over sb/sth	structure		B2	sự kiểm soát đối với	She has no control over him.
cope with sth	structure		B2	đối phó, xoay xở với	He can't cope with the stress.
decline in sth	structure		B2	sự sụt giảm về	There's been a decline in sales.
dependent on sb/sth	structure		B2	phụ thuộc vào	The result is dependent on the weather.
despite the fact that…	structure		B2	mặc dù thực tế là	Despite the fact that it rained, we went.
draw attention to sb/sth	structure		B2	thu hút chú ý đến	The article drew attention to the issue.
engage in sth	structure		B2	tham gia vào	They engaged in a long debate.
engaged in sth	structure		B2	đang bận với	She's engaged in research.
ever since(…)	structure		B2	kể từ khi	We've been friends ever since.
exposure to sth	structure		B2	sự tiếp xúc với	Exposure to sunlight damages skin.
far from sth	structure		B2	còn lâu mới, xa với	The work is far from finished.
figure sb/sth out	structure		B2	hiểu ra, tìm ra	I can't figure out how it works.
find yourself doing sth	structure		B2	thấy mình đang làm gì	I found myself agreeing with him.
get in	structure		B2	vào được; về đến	What time does the train get in?
get over sth/sb	structure		B2	vượt qua, nguôi ngoai	It took her months to get over it.
get rid of sb/sth	structure		B2	loại bỏ, tống khứ	We got rid of the old car.
go off	structure		B2	nổ, reo lên; hỏng	The alarm went off at six.
go on to do sth	structure		B2	tiếp tục làm gì	She went on to become a doctor.
go through sth	structure		B2	trải qua; xem xét kỹ	He's going through a hard time.
had better	structure		B2	nên, tốt hơn là	You had better leave now.
hang on	structure		B2	chờ chút	Hang on, I'm coming.
human being	structure		B2	con người	Every human being deserves respect.
human rights	structure		B2	nhân quyền	The group defends human rights.
if only…	structure		B2	giá như	If only I had known.
I have to say…	structure		B2	phải nói là	I have to say, I'm impressed.
in action	structure		B2	đang hoạt động, đang thi đấu	We saw the machine in action.
in advance	structure		B2	trước, sẵn	Book two weeks in advance.
in an attempt to do sth	structure		B2	nhằm cố gắng làm gì	In an attempt to save money, we walked.
in part	structure		B2	một phần	The delay was in part our fault.
in place	structure		B2	đã sẵn sàng, đúng chỗ	The new rules are now in place.
in relation to sb/sth	structure		B2	liên quan đến	Costs are low in relation to income.
in spite of sth	structure		B2	mặc dù	In spite of the rain, we went out.
in the first place	structure		B2	ngay từ đầu	Why did you agree in the first place?
in the near future	structure		B2	trong tương lai gần	We'll decide in the near future.
in turn	structure		B2	lần lượt; đến lượt mình	Each spoke in turn.
investment in sth	structure		B2	sự đầu tư vào	Investment in schools has risen.
I would say...	structure		B2	tôi cho rằng	I would say it's worth it.
loads of sb/sth	structure		B2	rất nhiều	There were loads of people.
mental health	structure		B2	sức khoẻ tâm thần	Mental health matters as much as physical.
more or less	structure		B2	ít nhiều, gần như	The work is more or less done.
no doubt	structure		B2	chắc chắn, không nghi ngờ gì	No doubt she'll be late again.
no matter…	structure		B2	bất kể	No matter what happens, call me.
nothing but	structure		B2	chỉ toàn là	He's been nothing but kind.
on board	structure		B2	trên tàu, trên máy bay	There were 200 people on board.
once again	structure		B2	một lần nữa	Once again, he was right.
one another	structure		B2	lẫn nhau	They looked at one another.
on the basis of sth	structure		B2	dựa trên cơ sở	We chose on the basis of price.
on the one hand	structure		B2	một mặt thì	On the one hand, it's cheaper.
opposed to sth	structure		B2	phản đối	Many are opposed to the plan.
or so	structure		B2	khoảng chừng	It'll take an hour or so.
other than	structure		B2	ngoài ra, khác với	I have nothing other than this.
potential for sth	structure		B2	tiềm năng cho	There's potential for growth.
pretty much	structure		B2	hầu như, gần như	It's pretty much finished.
prior to	structure		B2	trước khi	Prior to that, he worked abroad.
prove to be sth	structure		B2	hoá ra là	The plan proved to be a success.
put sth forward	structure		B2	đề xuất, đưa ra	She put forward a new idea.
put sth together	structure		B2	lắp ráp, tập hợp lại	We put together a small team.
quality of life	structure		B2	chất lượng cuộc sống	The move improved our quality of life.
ranging from	structure		B2	trải dài từ	Prices ranging from 10 to 50 dollars.
regarded as sth	structure		B2	được coi là	He's regarded as an expert.
relevant to sb/sth	structure		B2	liên quan đến	Is this relevant to our case?
rely on sb/sth	structure		B2	dựa vào, trông cậy	We rely on donations.
role model	structure		B2	hình mẫu, tấm gương	She's a role model for young girls.
set out	structure		B2	khởi hành; bắt đầu làm	They set out at dawn.
short of sth	structure		B2	thiếu cái gì	We're short of time.
so as to do sth	structure		B2	để mà làm gì	He left early so as to avoid traffic.
something like…	structure		B2	khoảng chừng, đại loại như	It costs something like 200 dollars.
sort sb/sth/yourself out	structure		B2	giải quyết, sắp xếp ổn thoả	I need to sort out my papers.
stick to sth	structure		B2	bám sát, tuân theo	Stick to the plan.
subject to sth	structure		B2	phải chịu, tuỳ thuộc vào	Prices are subject to change.
sum up	structure		B2	tóm lại	To sum up, we need more time.
take advantage of sb/sth	structure		B2	tận dụng; lợi dụng	Take advantage of the offer.
take sth into account	structure		B2	tính đến, cân nhắc	Take the cost into account.
take over	structure		B2	tiếp quản, nắm quyền	She took over as manager.
that is	structure		B2	tức là	We leave tomorrow, that is Friday.
the vast majority of sth	structure		B2	đại đa số	The vast majority of people agreed.
turn into sth	structure		B2	biến thành	The rain turned into snow.
up to sb	structure		B2	tuỳ vào ai	It's up to you to decide.
when it comes to sth	structure		B2	khi nói đến	When it comes to cooking, he's hopeless.
whether or not…	structure		B2	liệu có hay không	I don't know whether or not to go.
would rather…	structure		B2	thà là, thích hơn	I would rather stay home.
above all	structure		C1	trên hết	Above all, be honest.
all but	structure		C1	gần như, hầu như	The work is all but finished.
all the more	structure		C1	càng thêm	That makes it all the more important.
as far as sb/sth is concerned	structure		C1	theo như, xét về phía	As far as I'm concerned, it's settled.
as of…	structure		C1	kể từ ngày	As of Monday, the rules change.
as opposed to	structure		C1	trái với, chứ không phải	We want quality, as opposed to quantity.
as such	structure		C1	đúng nghĩa; do đó	It isn't a rule as such.
as to sth	structure		C1	về việc, liên quan tới	There's doubt as to the cause.
at the expense of sb/sth	structure		C1	đánh đổi bằng, gây thiệt cho	He succeeded at the expense of his health.
at the hands of sb	structure		C1	dưới tay ai, do ai gây ra	They suffered at the hands of the regime.
back and forth	structure		C1	qua lại, tới lui	He paced back and forth.
bear sb/sth in mind	structure		C1	ghi nhớ, lưu ý	Bear in mind that prices may change.
be attributed to sb	structure		C1	được cho là của ai	The painting is attributed to Monet.
be entitled to sth	structure		C1	có quyền được hưởng	You're entitled to a refund.
be found to do sth	structure		C1	được phát hiện là	The drug was found to be safe.
be meant to do sth	structure		C1	được cho là phải	This is meant to be the best one.
be reported to be sth	structure		C1	được cho là, được báo cáo là	He's reported to be recovering.
be said to be sth	structure		C1	được cho là	The house is said to be haunted.
bring sth about	structure		C1	gây ra, mang lại	The war brought about huge change.
bring sth up	structure		C1	nêu ra, đề cập	Don't bring up that subject.
by means of sth	structure		C1	bằng cách, thông qua	They escaped by means of a rope.
by no means	structure		C1	hoàn toàn không	It's by no means certain.
call on sb	structure		C1	kêu gọi ai; ghé thăm	They called on him to resign.
consistent with sth	structure		C1	phù hợp, nhất quán với	The results are consistent with the theory.
dedicated to sth	structure		C1	cống hiến cho, dành cho	The museum is dedicated to art.
deprive sb/sth of sth	structure		C1	tước đoạt của ai	They were deprived of sleep.
dispose of sb/sth	structure		C1	vứt bỏ, xử lý	Dispose of the waste safely.
follow sth up	structure		C1	theo dõi tiếp, làm tiếp	I'll follow up your request.
for that matter	structure		C1	mà nói cho cùng	I don't like it, or him for that matter.
for the benefit of sb	structure		C1	vì lợi ích của ai	It's for the benefit of everyone.
for the sake of sb/sth	structure		C1	vì, để cho	Do it for the sake of the children.
get away with sth	structure		C1	thoát tội, làm mà không bị phạt	He got away with cheating.
given that…	structure		C1	xét rằng, vì rằng	Given that it's late, let's stop.
have sb/sth in mind	structure		C1	có ai/cái gì trong đầu	Do you have a date in mind?
have nothing to do with sb/sth	structure		C1	không liên quan gì tới	It has nothing to do with me.
in accordance with sth	structure		C1	theo đúng, phù hợp với	Act in accordance with the rules.
in any case	structure		C1	dù sao đi nữa	In any case, we can't afford it.
in a position to do sth	structure		C1	ở vị thế có thể làm gì	I'm not in a position to help.
in conjunction with sb/sth	structure		C1	kết hợp với	Use it in conjunction with the manual.
in connection with sb/sth	structure		C1	liên quan đến	He was arrested in connection with the theft.
in effect	structure		C1	thực chất là; có hiệu lực	In effect, nothing has changed.
in full	structure		C1	đầy đủ, toàn bộ	Pay the amount in full.
in line with sth	structure		C1	phù hợp với, theo đúng	Wages rose in line with inflation.
in practice	structure		C1	trên thực tế	In practice, it rarely works.
in respect of sth	structure		C1	về mặt, liên quan tới	Claims in respect of damage.
in such a way (that)…	structure		C1	theo cách sao cho	Arrange it in such a way that all can see.
in the absence of sb/sth	structure		C1	khi không có	In the absence of proof, he was freed.
in the course of…	structure		C1	trong quá trình	In the course of the year, much changed.
in the event of sth	structure		C1	trong trường hợp xảy ra	In the event of fire, leave at once.
in the face of sth	structure		C1	đối mặt với	She stayed calm in the face of danger.
in the hands of sb	structure		C1	nằm trong tay ai	The decision is in the hands of the court.
in the light of sth	structure		C1	xét theo, dưới ánh sáng của	In the light of new evidence, they reopened it.
in the meantime	structure		C1	trong lúc chờ đợi	In the meantime, keep working.
in the midst of sth	structure		C1	giữa lúc, trong lúc	He left in the midst of the meeting.
in the presence of sb	structure		C1	trước mặt ai	Sign it in the presence of a witness.
in the wake of sb/sth	structure		C1	sau khi xảy ra	Prices rose in the wake of the crisis.
involvement in sth	structure		C1	sự dính líu, tham gia vào	His involvement in the case is unclear.
let alone	structure		C1	chứ đừng nói đến	He can't walk, let alone run.
little more than…	structure		C1	chẳng hơn gì	It was little more than a guess.
live on sth	structure		C1	sống bằng, sống nhờ	They live on a small pension.
may well	structure		C1	rất có thể	You may well be right.
nothing like	structure		C1	chẳng giống chút nào	It's nothing like the picture.
not to mention	structure		C1	chưa kể đến	It's expensive, not to mention slow.
on behalf of sb	structure		C1	thay mặt cho	I speak on behalf of the team.
on the part of sb	structure		C1	về phía ai	It was an error on the part of the bank.
over the course of…	structure		C1	trong suốt quá trình	Over the course of a year, he improved.
put it	structure		C1	diễn đạt, nói ra	How shall I put it?
seek to do sth	structure		C1	tìm cách làm gì	They seek to change the law.
set to do sth	structure		C1	sắp sửa, chuẩn bị	Prices are set to rise.
the extent to which…	structure		C1	mức độ mà	The extent to which this helps is unclear.
to date	structure		C1	cho đến nay	To date, no one has complained.
up against sth	structure		C1	đối mặt với khó khăn	We're up against a tight deadline.
with regard to sb/sth	structure		C1	về việc, liên quan tới	With regard to your letter, we agree.
with respect to sth	structure		C1	về mặt, đối với	With respect to cost, it's fine.
with the exception of sb/sth	structure		C1	ngoại trừ	Everyone came, with the exception of Tom.
